A0A0G4EJP9_VITBC_3;[[0.0, 1, '816'], [0.0, 4, '607'], [9.26, 3, '691'], [0.0, 2, '673']];9.26;691
A0A0D9RQB1_CHLSB_1;[[0.0, 2, '1260'], [28.92, 1, '1224']];28.92;1224
F6QE09_CIOIN_1;[[0.0, 1, '0']];0.0;0
IFT74_MOUSE_2;[[0.0, 1, '0'], [45.72, 2, '0'], [0.0, 3, '0']];45.72;0
V4AJL1_LOTGI_1;[[0.0, 1, '0']];0.0;0
ARL6_CAEBR_1;[[41.04, 1, '463']];41.04;463
G3N118_BOVIN_1;[[41.04, 1, '0']];41.04;0
W4Z211_STRPU_1;[[41.04, 1, '0']];41.04;0
A0A067RJQ2_ZOONE_1;[[41.04, 2, '0'], [42.48, 1, '0']];42.48;0
A0A158NPL4_ATTCE_1;[[49.06, 1, '1335']];49.06;1335
F6X3T5_HORSE_2;[[49.06, 2, '0'], [47.34, 1, '0']];49.06;0
W5NLE0_LEPOC_1;[[49.06, 1, '0']];49.06;0
A0A096NZB9_PAPAN_1;[[36.16, 1, '672']];36.16;672
A0A0G4GWT1_VITBC_4;[[0.0, 1, '760'], [0.0, 4, '649'], [0.0, 3, '917'], [0.0, 2, '809']];0.0;649
G1SEN4_RABIT_1;[[38.87, 1, '476']];38.87;476
A0A024TEN6_9STRA_1;[[11.41, 1, '920']];11.41;920
M3WEE9_FELCA_1;[[38.07, 1, '436']];38.07;436
B3MEQ1_DROAN_1;[[38.07, 1, '0']];38.07;0
R1DSD8_EMIHU_1;[[38.07, 1, '0']];38.07;0
F1SGD6_PIG_1;[[39.75, 1, '1336']];39.75;1336
M3YWA6_MUSPF_2;[[39.75, 2, '0'], [13.51, 3, '0'], [0.0, 1, '0'], [37.48, 4, '0']];39.75;0
B0WXE2_CULQU_1;[[39.75, 1, '0']];39.75;0
W5QAJ5_SHEEP_1;[[41.11, 1, '1367']];41.11;1367
A0A0L0C383_LUCCU_1;[[41.11, 1, '0']];41.11;0
M3Z132_MUSPF_1;[[41.11, 1, '0']];41.11;0
A0A0D9RAF2_CHLSB_2;[[36.12, 2, '1733'], [0.0, 1, '895']];36.12;1733
BBS4_HUMAN_1;[[36.12, 1, '0']];36.12;0
TTC8_CAEEL_1;[[46.21, 1, '1095']];46.21;1095
F1Q1T8_CANLF_4;[[35.58, 4, '1217'], [0.0, 2, '930'], [0.0, 3, '964'], [0.0, 1, '923']];35.58;1217
M3ZLB9_XIPMA_1;[[27.74, 1, '923']];27.74;923
F1S1T9_PIG_1;[[0.0, 2, '1228'], [44.49, 1, '1434']];44.49;1434
A0A096NVI3_PAPAN_1;[[40.26, 1, '1098']];40.26;1098
U3K919_FICAL_1;[[40.26, 1, '0']];40.26;0
F6Z5Q1_HORSE_1;[[40.26, 2, '0'], [40.71, 1, '0']];40.71;0
V4B2U3_LOTGI_1;[[40.26, 1, '0']];40.26;0
B4J7X0_DROGR_1;[[40.26, 1, '0']];40.26;0
H0XKK6_OTOGA_2;[[40.26, 1, '0'], [44.99, 2, '0']];44.99;0
F6U8K2_HORSE_1;[[40.26, 1, '0']];40.26;0
H0WTY6_OTOGA_1;[[40.26, 1, '0']];40.26;0
F7D8D3_MONDO_1;[[40.26, 1, '0']];40.26;0
B4JSV3_DROGR_1;[[40.26, 1, '0']];40.26;0
E1BTY2_CHICK_1;[[33.06, 1, '977'], [0.0, 2, '724']];33.06;977
E1BHJ5_BOVIN_1;[[33.06, 2, '0'], [49.1, 1, '0'], [44.89, 3, '0']];49.1;0
A0A0N1PED7_LEPSE_1;[[45.97, 1, '1066']];45.97;1066
H3CW16_TETNG_1;[[12.18, 2, '813'], [34.92, 1, '1071']];34.92;1071
G3T4E0_LOXAF_1;[[12.18, 1, '0']];12.18;0
I3M6W3_ICTTR_1;[[43.7, 1, '1428']];43.7;1428
V4BYG1_LOTGI_1;[[43.7, 1, '0']];43.7;0
D4A8B1_RAT_2;[[36.26, 2, '1277'], [0.0, 1, '700']];36.26;1277
A0A158P292_ATTCE_2;[[18.49, 1, '1136'], [40.38, 2, '1538']];40.38;1538
G1T913_RABIT_1;[[41.83, 1, '1358']];41.83;1358
F1SMI2_PIG_1;[[49.17, 1, '1326']];49.17;1326
FRITZ_HUMAN_3;[[49.17, 3, '0'], [39.92, 1, '0'], [43.85, 2, '0']];49.17;0
B5DUR3_DROPS_1;[[49.17, 1, '0']];49.17;0
M3WUV2_FELCA_2;[[49.17, 2, '0'], [34.31, 1, '0']];49.17;0
A0A0N0P3G2_LEPSE_1;[[40.62, 1, '453']];40.62;453
A0A096NII1_PAPAN_1;[[42.71, 1, '1407']];42.71;1407
K7FH00_PELSI_1;[[44.69, 1, '1338']];44.69;1338
H2QDI7_PANTR_1;[[38.24, 1, '1080']];38.24;1080
G1PE46_MYOLU_1;[[38.24, 1, '0']];38.24;0
A0A0W8CGX9_PHYNI_1;[[40.38, 1, '478']];40.38;478
V9ETD6_PHYPR_1;[[40.87, 1, '482']];40.87;482
I3MEE1_ICTTR_1;[[25.0, 1, '1308'], [6.29, 2, '1065']];25.0;1308
F6SCB7_MACMU_1;[[25.0, 1, '0']];25.0;0
D2CG54_TRICA_2;[[25.6, 2, '1168'], [0.0, 1, '1075']];25.6;1168
W5N3D2_LEPOC_1;[[25.6, 1, '0']];25.6;0
A0A0L0CC86_LUCCU_1;[[25.6, 1, '0']];25.6;0
W5K4L0_ASTMX_1;[[47.9, 1, '618']];47.9;618
A0A0K0JLB3_BRUMA_1;[[47.9, 1, '0']];47.9;0
A8IYF1_CHLRE_1;[[45.17, 1, '786']];45.17;786
T1IP28_STRMM_1;[[41.0, 1, '461']];41.0;461
F6V3X0_CALJA_1;[[27.13, 1, '247']];27.13;247
A0A0G4IPH3_PLABS_1;[[36.36, 1, '880']];36.36;880
W6KIA6_9TRYP_1;[[46.67, 1, '1247']];46.67;1247
S9W7J6_9TRYP_1;[[46.4, 1, '1140']];46.4;1140
F6VNP5_XENTR_1;[[38.2, 1, '1403']];38.2;1403
B3S5T1_TRIAD_1;[[41.24, 1, '1416']];41.24;1416
L1JP33_GUITH_1;[[41.24, 1, '0']];41.24;0
E3LTH5_CAERE_1;[[46.17, 1, '1096']];46.17;1096
A0A067RIH6_ZOONE_1;[[46.17, 1, '0']];46.17;0
W2R9D6_PHYPN_1;[[40.96, 1, '459']];40.96;459
W4FS53_9STRA_1;[[27.5, 1, '1200']];27.5;1200
T0RT93_9STRA_2;[[0.0, 2, '1148'], [0.0, 1, '818']];0.0;1148
J9K409_ACYPI_1;[[44.98, 1, '947']];44.98;947
Q0VCP5_BOVIN_1;[[44.98, 1, '0']];44.98;0
M3ZSV8_XIPMA_1;[[7.08, 1, '749']];7.08;749
J9JSR9_ACYPI_1;[[39.92, 1, '992']];39.92;992
G3T822_LOXAF_1;[[39.92, 1, '0']];39.92;0
M3ZTR9_XIPMA_1;[[0.0, 1, '1098']];0.0;1098
G3N7I2_GASAC_3;[[22.61, 1, '889'], [30.4, 3, '1000'], [0.0, 2, '980']];30.4;1000
PTHB1_MOUSE_2;[[22.61, 4, '0'], [46.04, 2, '0'], [45.02, 1, '0'], [0.0, 5, '0'], [43.03, 3, '0']];46.04;0
I3JZ61_ORENI_2;[[22.61, 2, '0'], [0.0, 1, '0'], [0.0, 3, '0']];22.61;0
F6WZU0_MACMU_1;[[22.61, 1, '0']];22.61;0
F7DYZ0_HORSE_1;[[22.61, 1, '0']];22.61;0
BBS5_MOUSE_1;[[22.61, 1, '0']];22.61;0
D0N9B8_PHYIT_1;[[0.0, 1, '487']];0.0;487
I3MME5_ICTTR_1;[[47.29, 1, '1127']];47.29;1127
A0A0R4IUZ0_DANRE_2;[[47.29, 1, '0'], [47.86, 2, '0']];47.86;0
F7F169_ORNAN_1;[[47.29, 1, '0']];47.29;0
A6QNT9_BOVIN_1;[[47.29, 1, '0']];47.29;0
A0A0D9QVJ6_CHLSB_1;[[32.25, 1, '1290']];32.25;1290
K3WTZ6_PYTUL_1;[[32.25, 1, '0']];32.25;0
W4FD87_9STRA_1;[[35.7, 1, '1143']];35.7;1143
W4XN65_STRPU_1;[[35.7, 1, '0']];35.7;0
H3DMY8_TETNG_2;[[3.42, 4, '993'], [34.31, 2, '1440'], [0.0, 3, '959'], [13.07, 1, '941']];34.31;1440
A0A0G4GYZ9_VITBC_2;[[0.0, 3, '456'], [6.71, 1, '611'], [7.26, 2, '647']];7.26;647
I3KLC5_ORENI_1;[[0.0, 1, '0']];0.0;0
H0W8L4_CAVPO_1;[[0.0, 1, '0']];0.0;0
G5A9W7_PHYSP_1;[[36.01, 1, '547']];36.01;547
G1P887_MYOLU_1;[[36.01, 1, '0']];36.01;0
H2MRS1_ORYLA_1;[[36.01, 2, '0'], [40.71, 1, '0']];40.71;0
E2RER8_CANLF_1;[[0.0, 2, '883'], [41.01, 1, '1346']];41.01;1346
B7P1L1_IXOSC_1;[[0.0, 1, '0']];0.0;0
D0MZ16_PHYIT_1;[[43.68, 1, '1298']];43.68;1298
H3CI58_TETNG_1;[[12.01, 3, '1074'], [0.0, 2, '1005'], [35.37, 1, '1784']];35.37;1784
A7S5W5_NEMVE_1;[[45.15, 1, '1216']];45.15;1216
A0A0G4IMV6_PLABS_1;[[35.16, 1, '1186']];35.16;1186
H3G905_PHYRM_1;[[37.98, 1, '1256']];37.98;1256
F6ZUB8_MACMU_1;[[37.98, 1, '0']];37.98;0
G1RZS0_NOMLE_2;[[37.98, 2, '0'], [0.0, 1, '0']];37.98;0
BBS4_CAEEL_1;[[45.88, 1, '1007']];45.88;1007
A0A0G4EPB7_VITBC_3;[[0.0, 3, '347'], [0.0, 1, '376'], [0.0, 2, '412']];0.0;347
J9JNX2_ACYPI_1;[[46.52, 1, '1724']];46.52;1724
A0A158NSS3_ATTCE_4;[[0.0, 3, '587'], [0.0, 1, '516'], [0.0, 4, '829'], [0.0, 2, '527']];0.0;829
A0A0K0JVX7_BRUMA_1;[[0.0, 1, '0']];0.0;0
Q295Y8_DROPS_1;[[0.0, 1, '0']];0.0;0
G3T996_LOXAF_1;[[0.0, 1, '0']];0.0;0
I3JGE5_ORENI_1;[[0.0, 1, '0']];0.0;0
G1TL09_RABIT_1;[[49.1, 1, '1330']];49.1;1330
G7PRK5_MACFA_1;[[49.1, 1, '1330']];49.1;1330
G1QUW7_NOMLE_1;[[49.1, 1, '0']];49.1;0
H0XEP4_OTOGA_1;[[49.1, 1, '0']];49.1;0
A0A0D9RRT6_CHLSB_1;[[37.39, 1, '682']];37.39;682
E1BNU6_BOVIN_1;[[37.39, 1, '0']];37.39;0
F7HEV6_CALJA_1;[[47.2, 1, '1127']];47.2;1127
Q5XIR2_RAT_3;[[0.0, 2, '1048'], [37.16, 3, '1090'], [22.32, 1, '878']];37.16;1090
G0MEG7_CAEBE_1;[[40.95, 1, '464']];40.95;464
S9UYL4_9TRYP_1;[[40.95, 1, '0']];40.95;0
G3P7I9_GASAC_1;[[45.6, 1, '1274']];45.6;1274
F7I023_CALJA_1;[[34.62, 1, '442']];34.62;442
M3WGL7_FELCA_1;[[40.79, 1, '1211']];40.79;1211
H2PS04_PONAB_2;[[40.79, 2, '0'], [37.61, 1, '0']];40.79;0
H2V5Z2_TAKRU_3;[[40.79, 2, '0'], [42.48, 3, '0'], [0.0, 1, '0']];42.48;0
F2UQ70_SALR5_1;[[40.79, 1, '0'], [7.26, 2, '0']];40.79;0
B4ME19_DROVI_1;[[40.79, 1, '0']];40.79;0
A0A0D9QYK6_CHLSB_1;[[42.68, 1, '1408']];42.68;1408
Q5XI30_RAT_1;[[34.31, 1, '991']];34.31;991
B4KQ20_DROMO_1;[[34.31, 1, '0']];34.31;0
G1PDK6_MYOLU_1;[[34.31, 1, '0']];34.31;0
A0A0H5S6V4_BRUMA_1;[[34.31, 1, '0']];34.31;0
LZTL1_HUMAN_1;[[34.31, 2, '0'], [47.37, 1, '0']];47.37;0
G3NKQ2_GASAC_1;[[46.56, 1, '1220']];46.56;1220
W6KXN0_9TRYP_1;[[46.1, 1, '1230']];46.1;1230
G1P0F6_MYOLU_1;[[46.1, 1, '0']];46.1;0
A0A067CLP2_SAPPC_1;[[44.57, 1, '783']];44.57;783
W6L264_9TRYP_1;[[35.61, 1, '410']];35.61;410
K3WFZ0_PYTUL_1;[[35.61, 1, '0']];35.61;0
IFT27_BOVIN_1;[[35.61, 1, '0']];35.61;0
F7DYZ6_XENTR_1;[[45.82, 1, '1257']];45.82;1257
A0A0G4ILU8_PLABS_2;[[45.82, 1, '0'], [48.44, 2, '0']];48.44;0
H3GA39_PHYRM_1;[[44.67, 1, '779']];44.67;779
B3MBX5_DROAN_1;[[44.67, 1, '0']];44.67;0
G3QI68_GORGO_2;[[44.67, 3, '0'], [35.32, 1, '0'], [46.08, 2, '0']];46.08;0
G1PTC0_MYOLU_1;[[44.67, 1, '0']];44.67;0
E9ADL1_LEIMA_1;[[40.79, 1, '456']];40.79;456
H2P491_PONAB_1;[[40.79, 1, '0']];40.79;0
S9VIN4_9TRYP_1;[[48.44, 1, '739']];48.44;739
W2Z6I3_PHYPR_1;[[40.96, 1, '459']];40.96;459
B3RXC9_TRIAD_1;[[44.2, 1, '1448']];44.2;1448
B3M138_DROAN_1;[[44.2, 1, '0']];44.2;0
W5KI70_ASTMX_3;[[32.66, 3, '1087'], [22.05, 1, '880'], [0.0, 2, '948']];32.66;1087
W5P8L3_SHEEP_2;[[22.67, 2, '1160'], [0.0, 3, '891'], [22.49, 1, '978']];22.67;1160
I3KYV4_ORENI_1;[[22.67, 1, '0']];22.67;0
G3RQW7_GORGO_1;[[22.67, 1, '0']];22.67;0
W4GJ56_9STRA_1;[[42.67, 1, '1392']];42.67;1392
W2Q1R0_PHYPN_1;[[40.96, 1, '481']];40.96;481
D0MY10_PHYIT_1;[[47.29, 1, '1529']];47.29;1529
A8JF99_CHLRE_1;[[39.22, 1, '459']];39.22;459
E3MCR4_CAERE_1;[[40.95, 1, '464']];40.95;464
A0A024TR04_9STRA_1;[[32.44, 1, '1384']];32.44;1384
H0WRS7_OTOGA_1;[[32.44, 1, '0']];32.44;0
A0A078A2X5_STYLE_1;[[40.71, 1, '452']];40.71;452
W5LYF8_LEPOC_1;[[40.71, 1, '0']];40.71;0
G1RWH4_NOMLE_1;[[40.71, 1, '0']];40.71;0
H2Y3Y0_CIOSA_1;[[40.71, 1, '0']];40.71;0
G1LJ46_AILME_2;[[12.63, 3, '1116'], [26.06, 2, '1362'], [13.04, 1, '1127']];26.06;1362
F6W3B7_ORNAN_1;[[12.63, 1, '0']];12.63;0
F7IFY6_CALJA_1;[[0.0, 3, '1206'], [40.63, 1, '1457'], [0.0, 5, '1078'], [0.0, 2, '1200'], [9.26, 4, '896']];40.63;1457
A0A0L0HHW9_SPIPN_1;[[42.4, 1, '1408']];42.4;1408
Q7QJD7_ANOGA_1;[[42.4, 1, '0']];42.4;0
E3LQY5_CAERE_1;[[46.87, 1, '1340']];46.87;1340
G1TLB3_RABIT_1;[[36.53, 1, '438']];36.53;438
W5M5Q7_LEPOC_1;[[36.53, 1, '0']];36.53;0
M3XVF5_MUSPF_1;[[36.53, 1, '0']];36.53;0
F1NGP3_CHICK_1;[[41.0, 1, '1161']];41.0;1161
A0A0M9GA52_9TRYP_1;[[49.01, 1, '1216']];49.01;1216
B4J6Z6_DROGR_1;[[49.01, 1, '0']];49.01;0
H9GCQ3_ANOCA_1;[[49.01, 1, '0']];49.01;0
A0A096MTK8_PAPAN_1;[[29.25, 1, '465']];29.25;465
F2USB8_SALR5_1;[[29.25, 2, '0'], [47.31, 1, '0']];47.31;0
Q5PR92_DANRE_2;[[0.0, 1, '491'], [20.18, 2, '337']];20.18;337
IFT27_MOUSE_1;[[0.0, 1, '0']];0.0;0
H0UV24_CAVPO_3;[[0.0, 4, '0'], [25.27, 2, '0'], [38.87, 1, '0'], [47.38, 3, '0']];47.38;0
G4ZE33_PHYSP_1;[[39.52, 1, '1207']];39.52;1207
G3NM06_GASAC_1;[[48.06, 1, '618']];48.06;618
BBS2_HUMAN_1;[[48.06, 1, '0'], [46.08, 2, '0']];48.06;0
LZTL1_RAT_1;[[43.38, 1, '687']];43.38;687
V9F0Z3_PHYPR_1;[[40.96, 1, '459']];40.96;459
L1IIB1_GUITH_1;[[40.96, 1, '0']];40.96;0
A0BPN5_PARTE_1;[[29.92, 1, '929']];29.92;929
F7B395_MACMU_1;[[29.92, 1, '0']];29.92;0
ARL6_BOVIN_1;[[29.92, 1, '0']];29.92;0
A0A0D9RQV3_CHLSB_1;[[37.43, 1, '1715']];37.43;1715
E0VP97_PEDHC_1;[[0.0, 1, '1385']];0.0;1385
S9W6M0_9TRYP_1;[[48.51, 1, '738']];48.51;738
H2ZI39_CIOSA_1;[[48.51, 1, '0']];48.51;0
F7C4T0_CALJA_1;[[35.32, 1, '1778']];35.32;1778
M3ZW06_XIPMA_1;[[33.52, 1, '883']];33.52;883
H2SDM2_TAKRU_1;[[33.52, 1, '0']];33.52;0
A0A087YPY0_POEFO_1;[[33.52, 1, '0']];33.52;0
A0A024U1E5_9STRA_2;[[37.16, 1, '0'], [46.85, 2, '0']];46.85;0
A0A0W8CFM7_PHYNI_1;[[44.5, 1, '782']];44.5;782
G1KRM1_ANOCA_1;[[44.5, 1, '0']];44.5;0
A4I446_LEIIN_1;[[40.97, 1, '454']];40.97;454
M3ZUB6_XIPMA_1;[[40.97, 1, '0']];40.97;0
D4A4U2_RAT_1;[[40.97, 1, '0']];40.97;0
A0A067CAA2_SAPPC_1;[[0.0, 1, '466']];0.0;466
G1R9L0_NOMLE_1;[[0.0, 1, '0']];0.0;0
F7HDG7_MACMU_1;[[0.0, 1, '0']];0.0;0
A0A067CA50_SAPPC_1;[[0.0, 1, '1596']];0.0;1596
F6QFV2_MONDO_1;[[0.0, 1, '0']];0.0;0
F7GJV3_MONDO_1;[[0.0, 1, '0']];0.0;0
G0NR21_CAEBE_1;[[46.89, 1, '1335']];46.89;1335
W3A5U6_PHYPR_1;[[46.89, 1, '0']];46.89;0
G4ZI86_PHYSP_1;[[46.96, 1, '1367']];46.96;1367
G1QXS8_NOMLE_1;[[46.96, 1, '0']];46.96;0
A4I4C4_LEIIN_1;[[47.69, 1, '1793']];47.69;1793
J9K6V4_ACYPI_1;[[42.17, 1, '747']];42.17;747
H2MKZ4_ORYLA_1;[[42.17, 1, '0']];42.17;0
M3YV44_MUSPF_1;[[42.17, 1, '0']];42.17;0
B4QJX6_DROSI_2;[[42.17, 1, '0'], [45.4, 2, '0']];45.4;0
SDCG8_MOUSE_2;[[42.17, 2, '0'], [37.17, 1, '0']];42.17;0
A4IDK2_LEIIN_1;[[46.09, 1, '1074']];46.09;1074
W2PT12_PHYPN_1;[[45.58, 1, '939']];45.58;939
E0VEH7_PEDHC_1;[[40.5, 1, '674']];40.5;674
LZTL1_MOUSE_1;[[40.5, 1, '0']];40.5;0
Q5RA46_PONAB_1;[[40.5, 1, '0']];40.5;0
H2QWG3_PANTR_1;[[34.46, 1, '444']];34.46;444
I7LWB4_TETTS_1;[[46.04, 1, '1212']];46.04;1212
MKKS_MOUSE_1;[[46.04, 1, '0']];46.04;0
W5NG86_LEPOC_1;[[46.04, 1, '0']];46.04;0
TRI32_MOUSE_1;[[46.04, 1, '0']];46.04;0
W2Q7F5_PHYPN_1;[[44.53, 1, '1143']];44.53;1143
W5JIE3_ANODA_1;[[44.53, 1, '0']];44.53;0
B4MRQ8_DROWI_1;[[44.53, 1, '0']];44.53;0
A0A0W8C8Z9_PHYNI_1;[[40.78, 1, '461']];40.78;461
E1BKZ3_BOVIN_3;[[40.78, 2, '0'], [34.71, 1, '0'], [40.96, 3, '0']];40.96;0
D2VIC7_NAEGR_1;[[39.68, 1, '751']];39.68;751
G3W4X1_SARHA_1;[[42.37, 1, '1173']];42.37;1173
H2QMZ4_PANTR_1;[[20.21, 1, '470']];20.21;470
H0V4D2_CAVPO_1;[[20.21, 1, '0']];20.21;0
F6UN54_ORNAN_1;[[20.21, 1, '0']];20.21;0
F6Y677_CIOIN_1;[[20.21, 1, '0']];20.21;0
G1M0S6_AILME_1;[[48.06, 1, '620']];48.06;620
E1BN34_BOVIN_1;[[48.06, 2, '0'], [49.01, 1, '0']];49.01;0
ARL6_DANRE_1;[[38.75, 1, '480']];38.75;480
S9WLZ2_9TRYP_1;[[45.34, 1, '1224']];45.34;1224
G1SII1_RABIT_1;[[43.36, 1, '1220']];43.36;1220
G4ZW31_PHYSP_1;[[44.67, 1, '779']];44.67;779
G1MMT5_AILME_1;[[49.1, 1, '1334']];49.1;1334
W4FRY5_9STRA_1;[[34.71, 1, '435']];34.71;435
G3WC39_SARHA_1;[[47.18, 1, '1473']];47.18;1473
K1P4M1_CRAGI_1;[[46.16, 1, '1081']];46.16;1081
H2MHH5_ORYLA_1;[[46.16, 1, '0']];46.16;0
H0UU32_CAVPO_1;[[46.16, 1, '0']];46.16;0
A4HN90_LEIBR_1;[[49.05, 1, '1215']];49.05;1215
W4H8Z6_9STRA_1;[[42.41, 1, '764'], [0.0, 2, '731']];42.41;764
T0QGA8_9STRA_1;[[31.0, 1, '471']];31.0;471
V9F6J5_PHYPR_1;[[44.53, 1, '1143']];44.53;1143
B3RRG2_TRIAD_1;[[44.89, 1, '1713']];44.89;1713
A0A139WED1_TRICA_1;[[23.19, 1, '677']];23.19;677
BBS4_MOUSE_1;[[23.19, 1, '0']];23.19;0
A0A096NEP7_PAPAN_1;[[26.25, 1, '400']];26.25;400
G1QNZ0_NOMLE_1;[[26.25, 1, '0']];26.25;0
B4I3T5_DROSE_1;[[30.4, 1, '0']];30.4;0
G1T9Q2_RABIT_1;[[41.2, 1, '1034']];41.2;1034
A0A024GPP5_9STRA_1;[[31.83, 1, '399']];31.83;399
G5C795_HETGA_1;[[45.02, 1, '1437']];45.02;1437
D2A192_TRICA_1;[[47.31, 1, '1524']];47.31;1524
A0A0N1I7W9_LEPSE_1;[[47.6, 1, '1773']];47.6;1773
A6QLF9_BOVIN_1;[[47.6, 1, '0']];47.6;0
A0A077ZNG4_STYLE_1;[[42.26, 1, '1034']];42.26;1034
G3QXK4_GORGO_1;[[42.26, 1, '0']];42.26;0
I3NHG2_ICTTR_1;[[45.86, 1, '1267']];45.86;1267
B4GR41_DROPE_1;[[45.86, 1, '0']];45.86;0
H0V1I4_CAVPO_1;[[45.86, 1, '0']];45.86;0
B3RJT2_TRIAD_1;[[43.71, 1, '1050']];43.71;1050
F7CJR6_HORSE_1;[[43.71, 1, '0']];43.71;0
B4HV21_DROSE_1;[[43.71, 1, '0']];43.71;0
A0A096P4T0_PAPAN_1;[[38.28, 1, '1079']];38.28;1079
A0A0L0CIR6_LUCCU_1;[[38.28, 1, '0']];38.28;0
G1P9Y3_MYOLU_1;[[38.28, 1, '0']];38.28;0
E2R962_CANLF_1;[[47.38, 1, '1125']];47.38;1125
G3RIZ2_GORGO_1;[[47.38, 1, '0']];47.38;0
M3YBL1_MUSPF_1;[[47.38, 1, '0']];47.38;0
Q66H90_RAT_1;[[46.57, 1, '1488']];46.57;1488
H2P7R4_PONAB_1;[[46.57, 1, '0']];46.57;0
G4YN09_PHYSP_1;[[44.02, 1, '911']];44.02;911
H3D688_TETNG_1;[[46.3, 1, '1486']];46.3;1486
A0A044R639_ONCVO_1;[[46.3, 1, '0']];46.3;0
I3LB57_PIG_1;[[34.91, 1, '1223']];34.91;1223
A0A061IYK7_TRYRA_1;[[44.92, 1, '837']];44.92;837
J9K271_ACYPI_1;[[47.31, 1, '1526']];47.31;1526
A0A024UWM1_9STRA_1;[[47.31, 1, '0'], [23.91, 2, '0']];47.31;0
G1K9Z0_ANOCA_1;[[47.31, 1, '0']];47.31;0
H2PE85_PONAB_1;[[47.31, 1, '0']];47.31;0
T1L460_TETUR_1;[[47.31, 1, '0']];47.31;0
G3T3M9_LOXAF_1;[[47.31, 1, '0']];47.31;0
G3TIP0_LOXAF_1;[[47.31, 1, '0']];47.31;0
A0A0G2JUD0_RAT_2;[[47.31, 2, '0'], [38.98, 1, '0']];47.31;0
MKS1_MOUSE_1;[[47.31, 1, '0']];47.31;0
G1RDU8_NOMLE_1;[[47.31, 1, '0']];47.31;0
Q17LJ5_AEDAE_1;[[44.66, 1, '777']];44.66;777
A4IIF7_XENTR_1;[[45.64, 1, '1422']];45.64;1422
F6QF28_MONDO_1;[[45.64, 1, '0']];45.64;0
F6QP01_XENTR_1;[[0.0, 1, '1006']];0.0;1006
F1MU26_BOVIN_1;[[0.0, 1, '0']];0.0;0
CH037_RAT_1;[[39.33, 1, '478']];39.33;478
F6WBK6_CIOIN_1;[[39.33, 3, '0'], [0.0, 2, '0'], [42.68, 1, '0']];42.68;0
G3PRP6_GASAC_1;[[37.18, 1, '476']];37.18;476
K7FIS9_PELSI_1;[[25.27, 1, '926']];25.27;926
G7PUF5_MACFA_1;[[25.27, 1, '0']];25.27;0
A0A0G4EFJ8_VITBC_1;[[1.9, 1, '578']];1.9;578
A0A078B9U9_STYLE_1;[[1.9, 1, '0']];1.9;0
F6TP16_MONDO_1;[[1.9, 1, '0']];1.9;0
I3MMH3_ICTTR_1;[[36.53, 1, '1177']];36.53;1177
F7C228_XENTR_1;[[0.0, 1, '1200']];0.0;1200
F6XU90_ORNAN_1;[[0.0, 1, '0']];0.0;0
G5E7D8_LOXAF_1;[[0.0, 1, '0']];0.0;0
A0A061J9B9_TRYRA_1;[[46.27, 1, '1247']];46.27;1247
H2PQU8_PONAB_1;[[46.27, 1, '0']];46.27;0
G1NSC2_MYOLU_1;[[46.27, 1, '0']];46.27;0
L1IPS2_GUITH_1;[[46.27, 1, '0']];46.27;0
G1TZP3_RABIT_2;[[6.44, 3, '1072'], [0.0, 5, '1011'], [0.0, 4, '1094'], [23.55, 2, '1346'], [13.26, 1, '1131']];23.55;1346
H2T0R0_TAKRU_1;[[6.44, 1, '0']];6.44;0
H3ACN3_LATCH_1;[[45.31, 1, '384']];45.31;384
H9GC07_ANOCA_1;[[45.31, 1, '0']];45.31;0
H3DN21_TETNG_1;[[46.89, 1, '1429']];46.89;1429
F1N626_BOVIN_1;[[46.89, 1, '0']];46.89;0
W5MZI7_LEPOC_1;[[46.89, 1, '0']];46.89;0
E2RQA6_CANLF_1;[[37.84, 1, '1295']];37.84;1295
A0A0S4JJZ6_BODSA_1;[[37.84, 1, '0']];37.84;0
MKS1_HUMAN_1;[[37.84, 1, '0']];37.84;0
D6WSV9_TRICA_1;[[46.72, 1, '1511']];46.72;1511
H0V587_CAVPO_1;[[46.72, 1, '0']];46.72;0
F7EGS4_MACMU_1;[[46.72, 1, '0'], [38.07, 2, '0']];46.72;0
BBIP1_NEMVE_1;[[31.42, 1, '226']];31.42;226
G3QXT9_GORGO_1;[[31.42, 1, '0']];31.42;0
F6XCD9_CANLF_1;[[24.93, 1, '1444'], [12.6, 2, '1127']];24.93;1444
H3B555_LATCH_1;[[44.49, 1, '1452']];44.49;1452
S9VEE0_9TRYP_1;[[35.29, 1, '408']];35.29;408
G1SF71_RABIT_1;[[43.43, 1, '1271']];43.43;1271
B4H6Z9_DROPE_1;[[43.43, 1, '0']];43.43;0
H0XPD1_OTOGA_1;[[35.37, 1, '0']];35.37;0
U3JXB3_FICAL_1;[[35.37, 1, '0']];35.37;0
G3WV05_SARHA_1;[[37.5, 1, '1056']];37.5;1056
A1ZBK9_DROME_1;[[0.0, 1, '0']];0.0;0
BBS1_HUMAN_1;[[0.0, 1, '0']];0.0;0
MKKS_HUMAN_1;[[0.0, 1, '0']];0.0;0
H2QB48_PANTR_1;[[42.78, 1, '1405']];42.78;1405
A0A067QKD4_ZOONE_1;[[42.78, 1, '0']];42.78;0
W2RGR2_PHYPN_1;[[44.62, 1, '780']];44.62;780
T0Q4Q9_9STRA_1;[[29.94, 1, '865']];29.94;865
G1SZG9_RABIT_1;[[0.0, 1, '877']];0.0;877
H2ZZ55_LATCH_1;[[46.04, 1, '1479']];46.04;1479
A0A024TA76_9STRA_1;[[27.99, 1, '1029']];27.99;1029
A0A067C533_SAPPC_1;[[26.93, 1, '906']];26.93;906
V9EXZ9_PHYPR_1;[[47.25, 1, '1530']];47.25;1530
F6UB70_HORSE_1;[[47.25, 1, '0']];47.25;0
G1KMJ2_ANOCA_1;[[0.0, 1, '0']];0.0;0
F2TWK2_SALR5_2;[[13.51, 2, '718'], [0.0, 3, '704'], [0.0, 1, '718']];13.51;718
BBS7_HUMAN_1;[[13.51, 1, '0']];13.51;0
Q66H79_RAT_1;[[49.25, 1, '1330']];49.25;1330
F7IDY9_CALJA_1;[[43.32, 1, '1332']];43.32;1332
Q4E2P4_TRYCC_1;[[44.99, 1, '829']];44.99;829
F7FNJ0_MACMU_1;[[44.99, 1, '0']];44.99;0
D2I2K1_AILME_1;[[46.47, 1, '1203']];46.47;1203
T1JMT6_STRMM_1;[[46.67, 1, '1260']];46.67;1260
G3QMT8_GORGO_1;[[0.0, 1, '0']];0.0;0
T0QML0_9STRA_2;[[25.76, 2, '1324'], [0.0, 1, '864']];25.76;1324
B4MJU3_DROWI_1;[[25.76, 1, '0']];25.76;0
Q4E4D8_TRYCC_1;[[46.07, 1, '1057']];46.07;1057
G3SHD1_GORGO_1;[[46.07, 1, '0']];46.07;0
W5PYR9_SHEEP_1;[[39.36, 1, '1316']];39.36;1316
PTHB1_HUMAN_1;[[39.36, 1, '0']];39.36;0
Q7PUL7_ANOGA_1;[[39.36, 1, '0']];39.36;0
W2ZMB5_PHYPR_1;[[47.34, 1, '1580']];47.34;1580
H2QQ46_PANTR_1;[[32.16, 1, '1169']];32.16;1169
Q4Q1J3_LEIMA_1;[[46.13, 1, '1073']];46.13;1073
K2MXI1_TRYCR_1;[[44.94, 1, '830']];44.94;830
W6KG70_9TRYP_1;[[46.27, 1, '1100']];46.27;1100
BBS5_HUMAN_1;[[46.27, 1, '0']];46.27;0
F6VW47_MACMU_1;[[46.27, 1, '0']];46.27;0
F6Q1R3_CALJA_3;[[0.0, 2, '887'], [28.52, 3, '880'], [16.47, 1, '753']];28.52;880
M3XWM7_MUSPF_1;[[0.0, 1, '0']];0.0;0
F1Q6W8_DANRE_1;[[46.48, 1, '1491']];46.48;1491
B3S0W6_TRIAD_1;[[40.64, 1, '1095']];40.64;1095
T1JYJ2_TETUR_1;[[40.64, 1, '0']];40.64;0
G3TCL0_LOXAF_1;[[40.64, 1, '0']];40.64;0
G5C8Q6_HETGA_1;[[34.47, 1, '673']];34.47;673
G7NZ67_MACFA_1;[[19.13, 1, '392']];19.13;392
H9JGR5_BOMMO_1;[[19.13, 1, '0']];19.13;0
B4GIM8_DROPE_1;[[19.13, 1, '0']];19.13;0
A2D7W2_TRIVA_1;[[45.4, 1, '903']];45.4;903
F7I0U0_CALJA_1;[[45.4, 1, '0']];45.4;0
E1BXI4_CHICK_1;[[43.67, 1, '1296']];43.67;1296
F6VTH6_ORNAN_1;[[43.67, 1, '0']];43.67;0
A0A0J9Y8J7_BRUMA_1;[[43.67, 1, '0']];43.67;0
Q22CC3_TETTS_1;[[34.41, 1, '773']];34.41;773
A0A067R1E4_ZOONE_1;[[34.41, 1, '0']];34.41;0
G3S2X3_GORGO_1;[[22.05, 1, '0']];22.05;0
G1KMV6_ANOCA_1;[[22.05, 1, '0']];22.05;0
A3QK09_DANRE_1;[[44.94, 1, '1166']];44.94;1166
BBS1_CAEEL_1;[[46.64, 1, '1235']];46.64;1235
G4YJY9_PHYSP_1;[[48.05, 1, '1490']];48.05;1490
U3JY08_FICAL_3;[[48.05, 3, '0'], [33.23, 1, '0'], [44.71, 2, '0']];48.05;0
W2Z9A3_PHYPR_1;[[44.53, 1, '1143']];44.53;1143
BBIP1_HUMAN_1;[[0.0, 1, '0']];0.0;0
G1LHM7_AILME_1;[[33.78, 1, '1270']];33.78;1270
F6VLT6_CALJA_1;[[25.27, 1, '376']];25.27;376
H3CFW0_TETNG_3;[[0.0, 2, '917'], [10.83, 1, '877'], [35.02, 3, '1065']];35.02;1065
G3NXV8_GASAC_1;[[43.85, 1, '1049']];43.85;1049
M3Z5I9_MUSPF_1;[[43.85, 1, '0']];43.85;0
A0A087YN04_POEFO_1;[[43.85, 1, '0']];43.85;0
W5Q7L6_SHEEP_1;[[27.14, 1, '420']];27.14;420
K7G526_PELSI_1;[[0.0, 2, '869'], [33.69, 1, '1309']];33.69;1309
W5P7J1_SHEEP_1;[[42.98, 1, '1203']];42.98;1203
U3K4J7_FICAL_1;[[42.98, 1, '0']];42.98;0
I3JUU0_ORENI_1;[[42.98, 1, '0']];42.98;0
G3STK5_LOXAF_1;[[42.98, 1, '0']];42.98;0
D2UXT8_NAEGR_1;[[42.98, 1, '0']];42.98;0
V5BJR9_TRYCR_1;[[44.94, 1, '830']];44.94;830
K3WPT3_PYTUL_1;[[44.94, 1, '0']];44.94;0
G3NNG6_GASAC_1;[[38.88, 1, '697']];38.88;697
E2RTL3_CANLF_1;[[48.07, 1, '622']];48.07;622
Q28WS1_DROPS_1;[[48.07, 1, '0']];48.07;0
H3DHP5_TETNG_1;[[37.17, 1, '686']];37.17;686
W5KEJ5_ASTMX_1;[[42.35, 1, '739']];42.35;739
E0V980_PEDHC_1;[[49.24, 1, '1456']];49.24;1456
G3WMP3_SARHA_1;[[47.55, 1, '1062']];47.55;1062
I3MFB6_ICTTR_1;[[28.6, 1, '1112']];28.6;1112
Q4DW95_TRYCC_1;[[49.27, 1, '1567']];49.27;1567
B0X8D9_CULQU_1;[[49.27, 1, '0']];49.27;0
H0WVV6_OTOGA_1;[[49.27, 1, '0']];49.27;0
M3X7G4_FELCA_1;[[0.0, 2, '953'], [38.62, 1, '1300']];38.62;1300
A0A024TXS0_9STRA_1;[[18.32, 1, '382']];18.32;382
Q4E5P7_TRYCC_1;[[44.99, 1, '829']];44.99;829
F6ZUJ5_CALJA_1;[[44.99, 1, '0']];44.99;0
K1RU52_CRAGI_1;[[44.99, 1, '0']];44.99;0
A0A067R100_ZOONE_1;[[44.99, 1, '0']];44.99;0
D2HVB4_AILME_1;[[38.87, 1, '476']];38.87;476
A8HWI3_CHLRE_1;[[48.35, 1, '728']];48.35;728
W5PIK1_SHEEP_1;[[41.27, 1, '722']];41.27;722
M3WA02_FELCA_1;[[44.51, 1, '1447']];44.51;1447
V3Z105_LOTGI_1;[[44.51, 1, '0']];44.51;0
B3RIN7_TRIAD_1;[[22.11, 1, '389']];22.11;389
V3ZX09_LOTGI_1;[[22.11, 1, '0']];22.11;0
ARL6_CAEEL_1;[[41.04, 1, '463']];41.04;463
A2FQ75_TRIVA_1;[[46.58, 1, '1213']];46.58;1213
BBS4_BOVIN_1;[[46.58, 1, '0']];46.58;0
T0RY96_9STRA_1;[[34.99, 1, '1306']];34.99;1306
J9K5Q8_ACYPI_1;[[47.86, 1, '608']];47.86;608
IFT74_HUMAN_2;[[47.86, 1, '0'], [49.01, 2, '0']];49.01;0
G3QWF1_GORGO_1;[[0.0, 1, '0']];0.0;0
A9V1S9_MONBE_2;[[0.0, 1, '0'], [38.12, 2, '0']];38.12;0
G1TGM5_RABIT_1;[[30.63, 1, '444']];30.63;444
U3JJ17_FICAL_1;[[30.63, 1, '0']];30.63;0
F6YBY1_CALJA_1;[[33.23, 1, '1240']];33.23;1240
A0A044VD16_ONCVO_1;[[33.23, 1, '0']];33.23;0
A0A0D9RBM3_CHLSB_1;[[28.67, 1, '1395']];28.67;1395
T0QVK2_9STRA_1;[[6.7, 1, '1238']];6.7;1238
IFT27_HUMAN_1;[[6.7, 1, '0']];6.7;0
B3M8B7_DROAN_1;[[6.7, 1, '0']];6.7;0
Q4CTS4_TRYCC_1;[[40.67, 1, '450']];40.67;450
G3T581_LOXAF_1;[[34.31, 1, '0']];34.31;0
W5N2B1_LEPOC_1;[[34.31, 1, '0']];34.31;0
G0MCB1_CAEBE_1;[[43.59, 1, '1654']];43.59;1654
A0A0W8CBQ8_PHYNI_1;[[44.42, 1, '1146']];44.42;1146
I3MEL8_ICTTR_1;[[37.48, 1, '1286']];37.48;1286
T1ELR8_HELRO_1;[[37.48, 1, '0']];37.48;0
E7EXH4_DANRE_1;[[46.32, 1, '1140']];46.32;1140
F6TJD2_ORNAN_1;[[46.32, 1, '0']];46.32;0
L1JV64_GUITH_1;[[46.32, 1, '0']];46.32;0
W5L586_ASTMX_1;[[46.08, 1, '1096']];46.08;1096
W4FD55_9STRA_1;[[38.26, 1, '1001']];38.26;1001
H2YLQ2_CIOSA_1;[[38.26, 1, '0']];38.26;0
B4HPG5_DROSE_1;[[38.26, 1, '0']];38.26;0
F6QX88_CIOIN_1;[[38.26, 1, '0']];38.26;0
F2TWH2_SALR5_2;[[0.0, 2, '931'], [0.0, 1, '1221']];0.0;931
F6RFR4_HORSE_1;[[0.0, 1, '0']];0.0;0
H2N1F5_ORYLA_1;[[0.0, 1, '0']];0.0;0
IFT27_CHLRE_1;[[41.55, 1, '491']];41.55;491
A2F554_TRIVA_1;[[41.05, 1, '458']];41.05;458
H2QMG1_PANTR_2;[[43.71, 2, '684'], [0.0, 1, '769']];43.71;684
H0X8S4_OTOGA_1;[[23.55, 1, '0']];23.55;0
G4VC35_SCHMA_1;[[35.89, 1, '326']];35.89;326
V9FJ70_PHYPR_1;[[47.37, 1, '1579']];47.37;1579
D0N5X0_PHYIT_1;[[44.67, 1, '779']];44.67;779
M3W6J9_FELCA_1;[[48.06, 1, '618']];48.06;618
A0A061J2T5_TRYRA_1;[[47.35, 1, '1586']];47.35;1586
B3S9A2_TRIAD_1;[[36.34, 1, '421']];36.34;421
G3W852_SARHA_1;[[42.71, 1, '1407']];42.71;1407
BBS2_RAT_1;[[36.04, 1, '1254']];36.04;1254
BBS12_HUMAN_1;[[36.04, 1, '0']];36.04;0
H0UVR3_CAVPO_1;[[36.04, 1, '0']];36.04;0
E2R1C7_CANLF_1;[[49.21, 1, '1449']];49.21;1449
A0A078AXX6_STYLE_1;[[35.05, 1, '562']];35.05;562
CH037_MOUSE_1;[[35.05, 1, '0']];35.05;0
E9AFP5_LEIMA_1;[[49.01, 1, '1208']];49.01;1208
I3NAS8_ICTTR_1;[[33.54, 1, '492']];33.54;492
E2RRS0_CANLF_1;[[36.45, 1, '439']];36.45;439
Q3SCY0_PARTE_1;[[44.29, 1, '736']];44.29;736
T0R6X7_9STRA_1;[[44.74, 1, '780']];44.74;780
I3JVB4_ORENI_1;[[44.74, 1, '0']];44.74;0
I3NC55_ICTTR_1;[[32.45, 1, '416']];32.45;416
J9JV08_ACYPI_1;[[38.54, 1, '1855']];38.54;1855
G5BWY4_HETGA_1;[[45.63, 1, '1271']];45.63;1271
B4M537_DROVI_1;[[45.63, 1, '0']];45.63;0
V9EKV4_PHYPR_1;[[45.53, 1, '940']];45.53;940
G1S2T2_NOMLE_1;[[45.53, 1, '0']];45.53;0
B0W2W7_CULQU_1;[[45.53, 1, '0']];45.53;0
A0A0R4IL45_DANRE_1;[[46.99, 1, '1411']];46.99;1411
F1SP83_PIG_1;[[42.49, 1, '1191']];42.49;1191
G3PWM5_GASAC_1;[[46.41, 1, '1506']];46.41;1506
ARL6_HUMAN_1;[[46.41, 1, '0']];46.41;0
I3K8F9_ORENI_1;[[46.41, 1, '0']];46.41;0
J3QMK2_MOUSE_1;[[46.41, 1, '0']];46.41;0
H0VBK0_CAVPO_1;[[46.41, 1, '0']];46.41;0
B1WC73_RAT_1;[[36.11, 1, '432']];36.11;432
A0A0N1IJK5_LEPSE_1;[[48.93, 1, '1210']];48.93;1210
T1HSF8_RHOPR_1;[[48.93, 1, '0']];48.93;0
A0A0S4KLB5_BODSA_1;[[48.93, 1, '0']];48.93;0
I3IZ50_ORENI_1;[[48.93, 1, '0']];48.93;0
M3ZCM3_NOMLE_1;[[48.93, 1, '0']];48.93;0
G7PDY7_MACFA_1;[[23.91, 1, '230']];23.91;230
A8WJB5_CAEBR_1;[[38.12, 1, '724']];38.12;724
A2E557_TRIVA_1;[[46.23, 1, '1088']];46.23;1088
G1TDC1_RABIT_1;[[42.27, 1, '1417']];42.27;1417
W2YZ86_PHYPR_1;[[40.96, 1, '481']];40.96;481
F1SDY6_PIG_1;[[40.86, 1, '996']];40.86;996
B4LHK4_DROVI_1;[[40.86, 1, '0']];40.86;0
W5J3R5_ANODA_1;[[40.86, 1, '0']];40.86;0
G3WML8_SARHA_1;[[46.85, 1, '1381']];46.85;1381
W5MN19_LEPOC_1;[[46.85, 1, '0']];46.85;0
W4YZF5_STRPU_1;[[46.85, 1, '0']];46.85;0
G3QKV3_GORGO_1;[[46.85, 1, '0']];46.85;0
S9U239_9TRYP_1;[[46.85, 1, '0']];46.85;0
A2DWY6_TRIVA_1;[[41.76, 1, '510']];41.76;510
A0A096NMN0_PAPAN_1;[[39.24, 1, '994']];39.24;994
BBS5_CAEEL_1;[[44.84, 1, '805']];44.84;805
F7AHJ9_HORSE_1;[[44.84, 1, '0']];44.84;0
A0A0D9R0X9_CHLSB_1;[[22.89, 1, '415']];22.89;415
A4IBV8_LEIIN_1;[[49.01, 1, '1210']];49.01;1210
B0X734_CULQU_1;[[49.01, 1, '0']];49.01;0
D3ZYF7_RAT_1;[[32.19, 1, '1162']];32.19;1162
D6WTY1_TRICA_1;[[45.65, 1, '966']];45.65;966
G5AEZ3_PHYSP_1;[[45.72, 1, '1249']];45.72;1249
B4MK78_DROWI_1;[[45.72, 1, '0']];45.72;0
A0A024G9H8_9STRA_1;[[45.88, 1, '1105']];45.88;1105
A0A0M9G1C6_9TRYP_1;[[46.16, 1, '1094']];46.16;1094
G4ZRE7_PHYSP_1;[[40.87, 1, '460']];40.87;460
Q3V3N7_MOUSE_1;[[40.87, 1, '0']];40.87;0
H2N0J6_ORYLA_1;[[40.87, 1, '0']];40.87;0
H0XMN1_OTOGA_1;[[0.0, 1, '0']];0.0;0
B4H6C3_DROPE_1;[[0.0, 1, '0']];0.0;0
H3GVL7_PHYRM_1;[[47.26, 1, '1534']];47.26;1534
F1PG88_CANLF_2;[[0.0, 1, '382'], [37.9, 2, '438']];37.9;438
F7E5E6_ORNAN_1;[[0.0, 1, '0']];0.0;0
A0A087YHA2_POEFO_1;[[0.0, 1, '0']];0.0;0
G3TR76_LOXAF_1;[[0.0, 1, '0']];0.0;0
B4KRF7_DROMO_1;[[0.0, 1, '0']];0.0;0
B1WBT5_RAT_1;[[47.51, 1, '1004']];47.51;1004
A4HH17_LEIBR_1;[[40.88, 1, '455']];40.88;455
F6PJY2_HORSE_1;[[40.88, 1, '0']];40.88;0
F6XYK3_HORSE_1;[[40.88, 1, '0']];40.88;0
G1KSD3_ANOCA_1;[[40.88, 1, '0']];40.88;0
A0A0L0S8P6_ALLMA_1;[[0.0, 1, '601']];0.0;601
F6SNQ4_MONDO_1;[[0.0, 1, '0']];0.0;0
K7GGB8_PELSI_1;[[45.56, 1, '1115']];45.56;1115
H2M9T7_ORYLA_2;[[45.56, 1, '0'], [46.03, 2, '0']];46.03;0
H2QX35_PANTR_1;[[45.07, 1, '1247']];45.07;1247
H0WCG0_CAVPO_1;[[45.07, 1, '0']];45.07;0
B7YZM8_DROME_1;[[0.0, 1, '0']];0.0;0
W2YQ45_PHYPR_1;[[45.58, 1, '939']];45.58;939
G7PC93_MACFA_1;[[26.38, 1, '398']];26.38;398
M3WSX8_FELCA_1;[[42.48, 1, '1177']];42.48;1177
V4AFV8_LOTGI_1;[[42.48, 1, '0']];42.48;0
A0A0G4ITJ7_PLABS_1;[[0.0, 1, '405']];0.0;405
A0A0L0D1H0_THETB_1;[[46.18, 1, '1217']];46.18;1217
B4MMM3_DROWI_1;[[46.18, 1, '0']];46.18;0
G1LSZ3_AILME_1;[[34.07, 1, '455']];34.07;455
H3B9Z9_LATCH_1;[[32.55, 1, '427']];32.55;427
G3W269_SARHA_1;[[38.42, 1, '708']];38.42;708
G3T3V8_LOXAF_1;[[38.42, 1, '0']];38.42;0
M3YWX4_MUSPF_1;[[38.42, 1, '0']];38.42;0
BBS2_MOUSE_1;[[38.42, 1, '0']];38.42;0
H2N391_PONAB_1;[[38.42, 1, '0']];38.42;0
U3KGN2_FICAL_1;[[38.42, 1, '0']];38.42;0
I3MVI4_ICTTR_1;[[46.38, 1, '1408']];46.38;1408
W5PKU2_SHEEP_1;[[46.38, 1, '0']];46.38;0
A0A0D9S9I9_CHLSB_1;[[49.06, 1, '1331']];49.06;1331
A0A0S4JE34_BODSA_1;[[0.0, 1, '0']];0.0;0
G3W6A7_SARHA_1;[[24.98, 1, '1073']];24.98;1073
W4FL04_9STRA_1;[[30.17, 1, '464']];30.17;464
G3Q0Q9_GASAC_1;[[31.6, 1, '519']];31.6;519
B3RWQ3_TRIAD_1;[[40.0, 1, '445']];40.0;445
F6VUS1_ORNAN_1;[[40.0, 1, '0']];40.0;0
A0A096MMY7_PAPAN_1;[[44.87, 1, '1248']];44.87;1248
V9F4S6_PHYPR_1;[[46.94, 1, '1357']];46.94;1357
F6SS62_MONDO_1;[[13.26, 1, '0']];13.26;0
G3RBR0_GORGO_1;[[13.26, 1, '0']];13.26;0
G1LXJ6_AILME_1;[[43.8, 1, '1210']];43.8;1210
F1SNZ1_PIG_1;[[41.65, 1, '653']];41.65;653
H2NBL0_PONAB_1;[[41.65, 1, '0']];41.65;0
T0PXD2_9STRA_1;[[3.85, 1, '1143']];3.85;1143
K1R468_CRAGI_1;[[32.03, 1, '462']];32.03;462
B4GFI4_DROPE_1;[[32.03, 1, '0']];32.03;0
F1RRP3_PIG_1;[[43.86, 1, '1165']];43.86;1165
Q16XJ9_AEDAE_1;[[47.35, 1, '1565']];47.35;1565
F6PQ94_CIOIN_1;[[47.35, 1, '0']];47.35;0
B2RZ48_RAT_1;[[35.21, 1, '676']];35.21;676
A0A0D9QUM7_CHLSB_1;[[35.21, 1, '0']];35.21;0
A0A096NE45_PAPAN_1;[[49.1, 1, '1330']];49.1;1330
BBS7_CAEEL_1;[[48.94, 1, '1459']];48.94;1459
T1FZD8_HELRO_1;[[48.94, 1, '0']];48.94;0
F7B2E3_MACMU_1;[[48.94, 1, '0']];48.94;0
F6S5R5_HORSE_1;[[48.94, 1, '0']];48.94;0
F7G484_MACMU_1;[[48.94, 1, '0']];48.94;0
H0WSU0_OTOGA_1;[[48.94, 1, '0']];48.94;0
Q23PP7_TETTS_1;[[46.41, 1, '1491']];46.41;1491
A0A0H5S235_BRUMA_1;[[46.41, 1, '0']];46.41;0
H0Y2B1_OTOGA_1;[[46.41, 1, '0']];46.41;0
H0X602_OTOGA_1;[[46.41, 1, '0']];46.41;0
Q4R679_MACFA_1;[[30.72, 1, '1302']];30.72;1302
H2ZYI3_LATCH_1;[[46.84, 1, '1375']];46.84;1375
A0A0M9G178_9TRYP_1;[[40.8, 1, '451']];40.8;451
A0A067RE41_ZOONE_1;[[40.8, 1, '0']];40.8;0
W2ZBK5_PHYPR_1;[[46.91, 1, '1358']];46.91;1358
V5B464_TRYCR_1;[[49.09, 1, '1212']];49.09;1212
G3S2G4_GORGO_1;[[49.09, 1, '0']];49.09;0
G1S9G6_NOMLE_1;[[49.09, 1, '0']];49.09;0
F6ZBL6_MACMU_1;[[0.0, 1, '0']];0.0;0
K2MWH7_TRYCR_1;[[49.01, 1, '1216']];49.01;1216
B4F765_RAT_1;[[31.24, 1, '429']];31.24;429
H3D829_TETNG_1;[[47.33, 1, '617']];47.33;617
A0A067C4C7_SAPPC_1;[[30.39, 1, '1178']];30.39;1178
B4IZI2_DROGR_1;[[0.0, 1, '0']];0.0;0
H3CQC7_TETNG_1;[[44.71, 1, '1210']];44.71;1210
G1QY66_NOMLE_1;[[0.0, 1, '0']];0.0;0
CH037_BOVIN_1;[[0.0, 1, '0']];0.0;0
G3VZE0_SARHA_1;[[37.41, 1, '433']];37.41;433
E2RIJ8_CANLF_1;[[49.01, 1, '1210']];49.01;1210
W5P6M8_SHEEP_1;[[38.95, 1, '475']];38.95;475
K1PS22_CRAGI_1;[[31.91, 1, '235']];31.91;235
A0A0D9R018_CHLSB_1;[[41.52, 1, '997']];41.52;997
BBS10_HUMAN_1;[[41.52, 1, '0']];41.52;0
G3SQS4_LOXAF_1;[[41.52, 1, '0']];41.52;0
T1HX26_RHOPR_1;[[41.52, 1, '0']];41.52;0
G1SIY1_RABIT_1;[[43.75, 1, '1424']];43.75;1424
TRI32_HUMAN_1;[[43.75, 1, '0']];43.75;0
A0A0G4IR91_PLABS_1;[[0.0, 1, '945']];0.0;945
D0MT71_PHYIT_1;[[45.49, 1, '1119']];45.49;1119
Q4E4V4_TRYCC_1;[[46.69, 1, '1255']];46.69;1255
F6UBH2_MONDO_1;[[46.69, 1, '0']];46.69;0
H2ZXI1_LATCH_1;[[43.8, 1, '1105']];43.8;1105
T1J8I6_STRMM_1;[[49.05, 1, '1211']];49.05;1211
G1ME56_AILME_1;[[43.03, 1, '1571']];43.03;1571
W5LDX9_ASTMX_1;[[45.05, 1, '384']];45.05;384
D0NIV2_PHYIT_1;[[46.08, 1, '1376']];46.08;1376
BBS12_MOUSE_1;[[46.08, 1, '0']];46.08;0
F4PDD1_BATDJ_1;[[23.78, 1, '328']];23.78;328
K2NW30_TRYCR_1;[[47.41, 1, '1603']];47.41;1603
S9UWW3_9TRYP_1;[[47.41, 1, '0']];47.41;0
F1SBK4_PIG_1;[[47.03, 1, '1127']];47.03;1127
Q3SCX0_PARTE_1;[[44.29, 1, '736']];44.29;736
A0A158NS39_ATTCE_1;[[31.74, 1, '230']];31.74;230
H2V9K1_TAKRU_1;[[31.74, 1, '0']];31.74;0
H2QXS4_PANTR_1;[[49.1, 1, '1330']];49.1;1330
D0MXK6_PHYIT_1;[[45.52, 1, '938']];45.52;938
K3X3B3_PYTUL_1;[[45.52, 1, '0']];45.52;0
E1C569_CHICK_1;[[38.49, 1, '691']];38.49;691
A0A024TR25_9STRA_1;[[5.53, 1, '1536']];5.53;1536
T1JH94_STRMM_1;[[42.68, 1, '827']];42.68;827
K3X2Y2_PYTUL_1;[[42.68, 1, '0']];42.68;0
F6PM46_HORSE_1;[[42.68, 1, '0']];42.68;0
B4QVM9_DROSI_1;[[42.68, 1, '0']];42.68;0
G1SQG3_RABIT_1;[[36.34, 1, '1252']];36.34;1252
F6TJ94_HORSE_1;[[36.34, 1, '0'], [0.0, 2, '0']];36.34;0
M3Y3G7_MUSPF_2;[[36.34, 2, '0'], [13.04, 1, '0']];36.34;0
V9G0L5_PHYPR_1;[[44.67, 1, '779']];44.67;779
W5MMG5_LEPOC_1;[[44.67, 1, '0']];44.67;0
BBS7_MOUSE_1;[[44.67, 1, '0']];44.67;0
F6V1R0_HORSE_1;[[44.67, 1, '0']];44.67;0
G4YHC7_PHYSP_1;[[47.27, 1, '1536']];47.27;1536
W2Z3I6_PHYPR_1;[[47.29, 1, '1529']];47.29;1529
A4HP97_LEIBR_1;[[46.11, 1, '1067']];46.11;1067
M3W9S7_FELCA_1;[[37.58, 1, '950']];37.58;950
W4G1M5_9STRA_1;[[31.27, 1, '550']];31.27;550
B4HN35_DROSE_1;[[31.27, 1, '0']];31.27;0
Q9I7P3_DROME_1;[[31.27, 1, '0']];31.27;0
F7AEK0_CALJA_1;[[35.78, 1, '436']];35.78;436
I3KSH0_ORENI_1;[[35.78, 1, '0']];35.78;0
Q4DFM2_TRYCC_1;[[49.01, 1, '1214']];49.01;1214
F6QM11_MONDO_1;[[49.01, 1, '0'], [48.97, 2, '0']];49.01;0
H2MAJ8_ORYLA_1;[[49.01, 1, '0']];49.01;0
W4GJ33_9STRA_1;[[46.22, 1, '1389']];46.22;1389
SDCG8_HUMAN_1;[[0.0, 1, '0']];0.0;0
S9UZY7_9TRYP_1;[[0.0, 1, '0']];0.0;0
H3CVL6_TETNG_1;[[33.42, 1, '404']];33.42;404
LZTL1_BOVIN_1;[[33.42, 1, '0']];33.42;0
B4J623_DROGR_1;[[33.42, 1, '0']];33.42;0
A0A067BYM3_SAPPC_1;[[0.0, 1, '499']];0.0;499
B3RPI2_TRIAD_1;[[39.24, 1, '706']];39.24;706
A0A0D9R698_CHLSB_1;[[38.07, 1, '436']];38.07;436
B3MGG0_DROAN_1;[[38.07, 1, '0']];38.07;0
H9GKS6_ANOCA_1;[[38.07, 1, '0']];38.07;0
D2VQK4_NAEGR_1;[[46.48, 1, '1450']];46.48;1450
G1SYD7_RABIT_1;[[46.51, 1, '1202']];46.51;1202
H0WUW2_OTOGA_1;[[9.26, 1, '0']];9.26;0
G3WH06_SARHA_1;[[38.98, 1, '449']];38.98;449
M3YV76_MUSPF_1;[[38.98, 1, '0']];38.98;0
B3DFT2_DANRE_1;[[47.1, 1, '1225']];47.1;1225
G3SW34_LOXAF_1;[[0.0, 1, '0']];0.0;0
A0A087Y1G8_POEFO_1;[[0.0, 1, '0']];0.0;0
K7J1K7_NASVI_1;[[39.97, 1, '598']];39.97;598
A4HH78_LEIBR_1;[[47.69, 1, '1799']];47.69;1799
H2RJL3_TAKRU_1;[[47.69, 1, '0']];47.69;0
MKKS_PONAB_1;[[47.69, 1, '0']];47.69;0
A0A0L0S0V9_ALLMA_1;[[21.18, 1, '576']];21.18;576
K1PBA9_CRAGI_1;[[40.87, 1, '460']];40.87;460
TTC8_HUMAN_1;[[40.87, 1, '0']];40.87;0
K2NS17_TRYCR_1;[[46.69, 1, '1255']];46.69;1255
A0A044U854_ONCVO_1;[[46.69, 1, '0']];46.69;0
Q2M0T4_DROPS_1;[[46.69, 1, '0']];46.69;0
T0RDB9_9STRA_1;[[0.0, 1, '441']];0.0;441
V5DCK5_TRYCR_1;[[46.03, 1, '1058']];46.03;1058
W2QE22_PHYPN_1;[[47.37, 1, '1579']];47.37;1579
J9I6B1_9SPIT_1;[[43.5, 1, '1092']];43.5;1092
BBS4_DROME_1;[[0.0, 1, '0']];0.0;0
K7FLU5_PELSI_1;[[0.0, 1, '0']];0.0;0
F6WD17_ORNAN_1;[[0.0, 1, '0']];0.0;0
H2T1G8_TAKRU_1;[[0.0, 1, '0']];0.0;0
H2PT77_PONAB_1;[[0.0, 1, '0']];0.0;0
H3BHT8_LATCH_1;[[45.39, 1, '1236']];45.39;1236
K7F055_PELSI_1;[[47.02, 1, '1376']];47.02;1376
CH037_HUMAN_1;[[47.02, 1, '0']];47.02;0
F6YCR4_HORSE_1;[[47.02, 1, '0']];47.02;0
W5PWU8_SHEEP_1;[[47.02, 1, '0']];47.02;0
A0A0M9GAT6_9TRYP_1;[[48.97, 1, '1209']];48.97;1209
E2RG29_CANLF_1;[[43.15, 1, '1205']];43.15;1205
B4KCS8_DROMO_1;[[43.15, 1, '0']];43.15;0
D0NEL4_PHYIT_1;[[37.61, 1, '468']];37.61;468
A0A0D9RJ69_CHLSB_1;[[26.25, 1, '400']];26.25;400
B3RQQ8_TRIAD_1;[[34.32, 1, '606']];34.32;606
J9I6R2_9SPIT_1;[[46.71, 1, '1248']];46.71;1248
A0A024G196_9STRA_1;[[40.52, 1, '886']];40.52;886
D6WZ82_TRICA_1;[[46.7, 1, '1259']];46.7;1259
F4PEA0_BATDJ_1;[[42.69, 1, '1307']];42.69;1307
H2NNP4_PONAB_1;[[42.69, 1, '0']];42.69;0
Q4D092_TRYCC_1;[[40.85, 1, '448']];40.85;448
H3DGV8_TETNG_1;[[41.9, 1, '1124']];41.9;1124
V3ZY76_LOTGI_1;[[41.9, 1, '0']];41.9;0
G3QYJ9_GORGO_1;[[41.9, 1, '0']];41.9;0
W5JPA7_ANODA_1;[[41.9, 1, '0']];41.9;0
BBIP1_DANRE_1;[[25.79, 1, '221']];25.79;221
BBS5_DANRE_1;[[44.59, 1, '767']];44.59;767
D2HN50_AILME_1;[[34.97, 1, '1224']];34.97;1224
H2QUE8_PANTR_1;[[34.97, 1, '0']];34.97;0
A0A0N0P3E7_LEPSE_1;[[48.97, 1, '1217']];48.97;1217
LZTL1_PONAB_1;[[48.97, 1, '0']];48.97;0
K2MSG2_TRYCR_1;[[48.78, 1, '982']];48.78;982
G1KX11_ANOCA_1;[[48.78, 1, '0']];48.78;0
A0A061J9H1_TRYRA_1;[[45.8, 1, '1000']];45.8;1000
H2NCR2_PONAB_1;[[45.8, 1, '0']];45.8;0
F6UTK2_ORNAN_1;[[45.8, 1, '0']];45.8;0
F1N4X0_BOVIN_1;[[45.8, 1, '0']];45.8;0
F1NGP6_CHICK_1;[[48.9, 1, '1088']];48.9;1088
G3QRG0_GORGO_1;[[26.06, 1, '0']];26.06;0
W4Y9Z5_STRPU_1;[[26.06, 1, '0']];26.06;0
V5DUI8_TRYCR_1;[[26.06, 1, '0']];26.06;0
F6RWY1_CIOIN_1;[[26.06, 1, '0']];26.06;0
A2EQS9_TRIVA_1;[[47.34, 1, '1580']];47.34;1580
W2Q403_PHYPN_1;[[47.32, 1, '1528']];47.32;1528
Q4D247_TRYCC_1;[[47.73, 1, '1496']];47.73;1496
H2MJA1_ORYLA_1;[[0.0, 1, '0']];0.0;0
A0A0D9R7I6_CHLSB_1;[[43.76, 1, '1291']];43.76;1291
M3YMG3_MUSPF_1;[[0.0, 1, '0']];0.0;0
H2T229_TAKRU_1;[[0.0, 1, '0']];0.0;0
M4AFV4_XIPMA_1;[[0.0, 1, '971']];0.0;971
A2DE41_TRIVA_1;[[46.19, 1, '1089']];46.19;1089
V5BKF4_TRYCR_1;[[47.38, 1, '1602']];47.38;1602
G1SYN3_RABIT_1;[[48.07, 1, '622']];48.07;622
A0A096MWX4_PAPAN_1;[[35.23, 1, '1161']];35.23;1161
E2RKK7_CANLF_1;[[49.02, 1, '1332']];49.02;1332
A0A067CXS2_SAPPC_1;[[0.0, 1, '1436']];0.0;1436
L1JA00_GUITH_1;[[13.07, 1, '0']];13.07;0
E9HBN7_DAPPU_1;[[13.07, 1, '0']];13.07;0
K7J2H3_NASVI_1;[[45.58, 1, '1481']];45.58;1481
H9GPW5_ANOCA_1;[[45.58, 1, '0']];45.58;0
B4KME7_DROMO_1;[[45.58, 1, '0']];45.58;0
G3SY59_LOXAF_1;[[45.58, 1, '0']];45.58;0
K7JBG2_NASVI_1;[[43.27, 1, '1174']];43.27;1174
W4Z3R7_STRPU_1;[[43.27, 1, '0']];43.27;0
U3KJC2_FICAL_1;[[43.27, 1, '0']];43.27;0
BBS2_DANRE_1;[[49.21, 1, '1453']];49.21;1453
H3AVK0_LATCH_1;[[44.81, 1, '665']];44.81;665
G1LVU0_AILME_1;[[44.81, 1, '0']];44.81;0
F7HY94_CALJA_1;[[32.36, 1, '1091']];32.36;1091
A0A158NUR8_ATTCE_1;[[32.36, 1, '0']];32.36;0
E3LSA6_CAERE_1;[[45.83, 1, '1008']];45.83;1008
A0A0V0R577_PSEPJ_1;[[43.86, 1, '944']];43.86;944
D0MSD3_PHYIT_1;[[45.6, 1, '1568']];45.6;1568
I3JQB2_ORENI_1;[[45.6, 1, '0']];45.6;0
H2QQ41_PANTR_0;[[0.0, 0, '0']];0.0;0
H2RCJ0_PANTR_0;[[0.0, 0, '0']];0.0;0
H2R6Z7_PANTR_0;[[0.0, 0, '0']];0.0;0
H2Q1F4_PANTR_0;[[0.0, 0, '0']];0.0;0
G2HEF9_PANTR_0;[[0.0, 0, '0']];0.0;0
H2Q6I5_PANTR_0;[[0.0, 0, '0']];0.0;0
H2Q8R7_PANTR_0;[[0.0, 0, '0']];0.0;0
H2R2S2_PANTR_0;[[0.0, 0, '0']];0.0;0
H2QJY8_PANTR_0;[[0.0, 0, '0']];0.0;0
G3SKE1_GORGO_0;[[0.0, 0, '0']];0.0;0
G3R8E0_GORGO_0;[[0.0, 0, '0']];0.0;0
G3QRU9_GORGO_0;[[0.0, 0, '0']];0.0;0
H2P625_PONAB_0;[[0.0, 0, '0']];0.0;0
H2PME6_PONAB_0;[[0.0, 0, '0']];0.0;0
H2NVE1_PONAB_0;[[0.0, 0, '0']];0.0;0
H2NQY4_PONAB_0;[[0.0, 0, '0']];0.0;0
G1RV53_NOMLE_0;[[0.0, 0, '0']];0.0;0
G1R2E6_NOMLE_0;[[0.0, 0, '0']];0.0;0
G1RFG0_NOMLE_0;[[0.0, 0, '0']];0.0;0
A0A0D9QYN2_CHLSB_0;[[0.0, 0, '0']];0.0;0
A0A0D9RUP7_CHLSB_0;[[0.0, 0, '0']];0.0;0
A0A0D9RGH8_CHLSB_0;[[0.0, 0, '0']];0.0;0
A0A0D9S9R9_CHLSB_0;[[0.0, 0, '0']];0.0;0
A0A0D9RN20_CHLSB_0;[[0.0, 0, '0']];0.0;0
A0A0D9RMF9_CHLSB_0;[[0.0, 0, '0']];0.0;0
G7PB52_MACFA_0;[[0.0, 0, '0']];0.0;0
F7H279_MACMU_0;[[0.0, 0, '0']];0.0;0
F7H903_MACMU_0;[[0.0, 0, '0']];0.0;0
F6Q0A8_MACMU_0;[[0.0, 0, '0']];0.0;0
F6SUK4_MACMU_0;[[0.0, 0, '0']];0.0;0
F6XYF5_MACMU_0;[[0.0, 0, '0']];0.0;0
A0A096N3B0_PAPAN_0;[[0.0, 0, '0']];0.0;0
A0A096MVJ7_PAPAN_0;[[0.0, 0, '0']];0.0;0
A0A096MNW8_PAPAN_0;[[0.0, 0, '0']];0.0;0
A0A096N1F4_PAPAN_0;[[0.0, 0, '0']];0.0;0
A0A096NA64_PAPAN_0;[[0.0, 0, '0']];0.0;0
A0A096N6U1_PAPAN_0;[[0.0, 0, '0']];0.0;0
A0A096P1E7_PAPAN_0;[[0.0, 0, '0']];0.0;0
H9KX96_CALJA_0;[[0.0, 0, '0']];0.0;0
F6W3E7_CALJA_0;[[0.0, 0, '0']];0.0;0
F7C208_CALJA_0;[[0.0, 0, '0']];0.0;0
F7FJH7_CALJA_0;[[0.0, 0, '0']];0.0;0
H0WJQ5_OTOGA_0;[[0.0, 0, '0']];0.0;0
H0WSU7_OTOGA_0;[[0.0, 0, '0']];0.0;0
H0WG94_OTOGA_0;[[0.0, 0, '0']];0.0;0
H0XFB0_OTOGA_0;[[0.0, 0, '0']];0.0;0
H0XTE1_OTOGA_0;[[0.0, 0, '0']];0.0;0
H0WGM3_OTOGA_0;[[0.0, 0, '0']];0.0;0
H0XC64_OTOGA_0;[[0.0, 0, '0']];0.0;0
TTC8_MOUSE_0;[[0.0, 0, '0']];0.0;0
FRITZ_MOUSE_0;[[0.0, 0, '0']];0.0;0
BBS10_MOUSE_0;[[0.0, 0, '0']];0.0;0
B1H296_RAT_0;[[0.0, 0, '0']];0.0;0
A0A0G2JT03_RAT_0;[[0.0, 0, '0']];0.0;0
F1M285_RAT_0;[[0.0, 0, '0']];0.0;0
H0VTI3_CAVPO_0;[[0.0, 0, '0']];0.0;0
H0VYD3_CAVPO_0;[[0.0, 0, '0']];0.0;0
H0VMP6_CAVPO_0;[[0.0, 0, '0']];0.0;0
H0V4N5_CAVPO_0;[[0.0, 0, '0']];0.0;0
H0UUH7_CAVPO_0;[[0.0, 0, '0']];0.0;0
I3MZR6_ICTTR_0;[[0.0, 0, '0']];0.0;0
I3MIT5_ICTTR_0;[[0.0, 0, '0']];0.0;0
I3MKN1_ICTTR_0;[[0.0, 0, '0']];0.0;0
I3M370_ICTTR_0;[[0.0, 0, '0']];0.0;0
I3MYC6_ICTTR_0;[[0.0, 0, '0']];0.0;0
I3MKM9_ICTTR_0;[[0.0, 0, '0']];0.0;0
I3MFS4_ICTTR_0;[[0.0, 0, '0']];0.0;0
G1U012_RABIT_0;[[0.0, 0, '0']];0.0;0
G1TAG0_RABIT_0;[[0.0, 0, '0']];0.0;0
G1TUK9_RABIT_0;[[0.0, 0, '0']];0.0;0
E2RRL8_CANLF_0;[[0.0, 0, '0']];0.0;0
J9NVH9_CANLF_0;[[0.0, 0, '0']];0.0;0
J9NXG5_CANLF_0;[[0.0, 0, '0']];0.0;0
F1PMK6_CANLF_0;[[0.0, 0, '0']];0.0;0
J9P3I0_CANLF_0;[[0.0, 0, '0']];0.0;0
E2REN6_CANLF_0;[[0.0, 0, '0']];0.0;0
F1PG86_CANLF_0;[[0.0, 0, '0']];0.0;0
G1LGY7_AILME_0;[[0.0, 0, '0']];0.0;0
G1LG10_AILME_0;[[0.0, 0, '0']];0.0;0
G1LAF1_AILME_0;[[0.0, 0, '0']];0.0;0
G1LFS2_AILME_0;[[0.0, 0, '0']];0.0;0
G1L489_AILME_0;[[0.0, 0, '0']];0.0;0
G1LIU7_AILME_0;[[0.0, 0, '0']];0.0;0
G1M4X8_AILME_0;[[0.0, 0, '0']];0.0;0
G1LRW4_AILME_0;[[0.0, 0, '0']];0.0;0
M3Y536_MUSPF_0;[[0.0, 0, '0']];0.0;0
M3Y9W2_MUSPF_0;[[0.0, 0, '0']];0.0;0
M3XU97_MUSPF_0;[[0.0, 0, '0']];0.0;0
M3Y2I1_MUSPF_0;[[0.0, 0, '0']];0.0;0
M3Z0E8_MUSPF_0;[[0.0, 0, '0']];0.0;0
M3Z4U9_MUSPF_0;[[0.0, 0, '0']];0.0;0
M3Z1A1_MUSPF_0;[[0.0, 0, '0']];0.0;0
M3WE70_FELCA_0;[[0.0, 0, '0']];0.0;0
M3WH89_FELCA_0;[[0.0, 0, '0']];0.0;0
M3WRS6_FELCA_0;[[0.0, 0, '0']];0.0;0
M3XFE7_FELCA_0;[[0.0, 0, '0']];0.0;0
M3WKW0_FELCA_0;[[0.0, 0, '0']];0.0;0
M3W6A3_FELCA_0;[[0.0, 0, '0']];0.0;0
G3N2W1_BOVIN_0;[[0.0, 0, '0']];0.0;0
E1B8R8_BOVIN_0;[[0.0, 0, '0']];0.0;0
A6QQN3_BOVIN_0;[[0.0, 0, '0']];0.0;0
F1MB52_BOVIN_0;[[0.0, 0, '0']];0.0;0
W5QCC4_SHEEP_0;[[0.0, 0, '0']];0.0;0
W5P852_SHEEP_0;[[0.0, 0, '0']];0.0;0
W5P769_SHEEP_0;[[0.0, 0, '0']];0.0;0
W5PZP5_SHEEP_0;[[0.0, 0, '0']];0.0;0
W5NZN3_SHEEP_0;[[0.0, 0, '0']];0.0;0
W5NZH1_SHEEP_0;[[0.0, 0, '0']];0.0;0
W5PLE6_SHEEP_0;[[0.0, 0, '0']];0.0;0
W5QCF0_SHEEP_0;[[0.0, 0, '0']];0.0;0
W5QFP5_SHEEP_0;[[0.0, 0, '0']];0.0;0
I3LT30_PIG_0;[[0.0, 0, '0']];0.0;0
F1SKJ7_PIG_0;[[0.0, 0, '0']];0.0;0
I3L6U7_PIG_0;[[0.0, 0, '0']];0.0;0
I3LAV0_PIG_0;[[0.0, 0, '0']];0.0;0
F1SI91_PIG_0;[[0.0, 0, '0']];0.0;0
I3LJG1_PIG_0;[[0.0, 0, '0']];0.0;0
G1PT86_MYOLU_0;[[0.0, 0, '0']];0.0;0
G1NSP1_MYOLU_0;[[0.0, 0, '0']];0.0;0
G1PPI5_MYOLU_0;[[0.0, 0, '0']];0.0;0
G1Q6T8_MYOLU_0;[[0.0, 0, '0']];0.0;0
G1QEW9_MYOLU_0;[[0.0, 0, '0']];0.0;0
G1P3P7_MYOLU_0;[[0.0, 0, '0']];0.0;0
G1PY40_MYOLU_0;[[0.0, 0, '0']];0.0;0
L7N1T4_MYOLU_0;[[0.0, 0, '0']];0.0;0
G1NXM3_MYOLU_0;[[0.0, 0, '0']];0.0;0
G1PSK0_MYOLU_0;[[0.0, 0, '0']];0.0;0
G1NWH7_MYOLU_0;[[0.0, 0, '0']];0.0;0
F7CR52_HORSE_0;[[0.0, 0, '0']];0.0;0
F6TUH0_HORSE_0;[[0.0, 0, '0']];0.0;0
F7CDR8_HORSE_0;[[0.0, 0, '0']];0.0;0
F7BTA0_HORSE_0;[[0.0, 0, '0']];0.0;0
F7A6Y6_HORSE_0;[[0.0, 0, '0']];0.0;0
G3THW0_LOXAF_0;[[0.0, 0, '0']];0.0;0
G3SS75_LOXAF_0;[[0.0, 0, '0']];0.0;0
G3SRN0_LOXAF_0;[[0.0, 0, '0']];0.0;0
G3UNS7_LOXAF_0;[[0.0, 0, '0']];0.0;0
G3SZ68_LOXAF_0;[[0.0, 0, '0']];0.0;0
F6PNT7_MONDO_0;[[0.0, 0, '0']];0.0;0
F7DMU6_MONDO_0;[[0.0, 0, '0']];0.0;0
F6YN29_MONDO_0;[[0.0, 0, '0']];0.0;0
F7FJJ6_MONDO_0;[[0.0, 0, '0']];0.0;0
F7AYF5_MONDO_0;[[0.0, 0, '0']];0.0;0
F7G4A0_MONDO_0;[[0.0, 0, '0']];0.0;0
F6PP46_MONDO_0;[[0.0, 0, '0']];0.0;0
F6QAP7_MONDO_0;[[0.0, 0, '0']];0.0;0
F6QMY3_MONDO_0;[[0.0, 0, '0']];0.0;0
F7E4F6_MONDO_0;[[0.0, 0, '0']];0.0;0
G3VLR7_SARHA_0;[[0.0, 0, '0']];0.0;0
G3VFI2_SARHA_0;[[0.0, 0, '0']];0.0;0
G3WF86_SARHA_0;[[0.0, 0, '0']];0.0;0
G3VZE5_SARHA_0;[[0.0, 0, '0']];0.0;0
G3W779_SARHA_0;[[0.0, 0, '0']];0.0;0
G3VFR9_SARHA_0;[[0.0, 0, '0']];0.0;0
G3VHQ8_SARHA_0;[[0.0, 0, '0']];0.0;0
G3WG80_SARHA_0;[[0.0, 0, '0']];0.0;0
F6RJ94_ORNAN_0;[[0.0, 0, '0']];0.0;0
F7EQ74_ORNAN_0;[[0.0, 0, '0']];0.0;0
K7EE43_ORNAN_0;[[0.0, 0, '0']];0.0;0
F7CW87_ORNAN_0;[[0.0, 0, '0']];0.0;0
F7DBP5_ORNAN_0;[[0.0, 0, '0']];0.0;0
F7DK17_ORNAN_0;[[0.0, 0, '0']];0.0;0
F6YTD1_ORNAN_0;[[0.0, 0, '0']];0.0;0
F6Z899_ORNAN_0;[[0.0, 0, '0']];0.0;0
F6UML6_ORNAN_0;[[0.0, 0, '0']];0.0;0
F1NQI6_CHICK_0;[[0.0, 0, '0']];0.0;0
E1BR95_CHICK_0;[[0.0, 0, '0']];0.0;0
E1C4G5_CHICK_0;[[0.0, 0, '0']];0.0;0
U3JYK5_FICAL_0;[[0.0, 0, '0']];0.0;0
U3KK29_FICAL_0;[[0.0, 0, '0']];0.0;0
U3JG05_FICAL_0;[[0.0, 0, '0']];0.0;0
U3K0T5_FICAL_0;[[0.0, 0, '0']];0.0;0
U3KA66_FICAL_0;[[0.0, 0, '0']];0.0;0
U3KCY4_FICAL_0;[[0.0, 0, '0']];0.0;0
U3KEX1_FICAL_0;[[0.0, 0, '0']];0.0;0
U3JJ66_FICAL_0;[[0.0, 0, '0']];0.0;0
U3K0J7_FICAL_0;[[0.0, 0, '0']];0.0;0
U3JSU8_FICAL_0;[[0.0, 0, '0']];0.0;0
K7G672_PELSI_0;[[0.0, 0, '0']];0.0;0
K7FNG7_PELSI_0;[[0.0, 0, '0']];0.0;0
K7FZ59_PELSI_0;[[0.0, 0, '0']];0.0;0
K7GB82_PELSI_0;[[0.0, 0, '0']];0.0;0
K7FSX8_PELSI_0;[[0.0, 0, '0']];0.0;0
K7FRV5_PELSI_0;[[0.0, 0, '0']];0.0;0
K7FSV7_PELSI_0;[[0.0, 0, '0']];0.0;0
K7FCT6_PELSI_0;[[0.0, 0, '0']];0.0;0
K7FS03_PELSI_0;[[0.0, 0, '0']];0.0;0
K7GB43_PELSI_0;[[0.0, 0, '0']];0.0;0
K7FYE3_PELSI_0;[[0.0, 0, '0']];0.0;0
K7FBG2_PELSI_0;[[0.0, 0, '0']];0.0;0
K7F525_PELSI_0;[[0.0, 0, '0']];0.0;0
G1KY06_ANOCA_0;[[0.0, 0, '0']];0.0;0
R4G9X7_ANOCA_0;[[0.0, 0, '0']];0.0;0
G1KIP3_ANOCA_0;[[0.0, 0, '0']];0.0;0
H9GBY2_ANOCA_0;[[0.0, 0, '0']];0.0;0
G1KIJ0_ANOCA_0;[[0.0, 0, '0']];0.0;0
G1KEQ2_ANOCA_0;[[0.0, 0, '0']];0.0;0
G1KJQ1_ANOCA_0;[[0.0, 0, '0']];0.0;0
H9GG47_ANOCA_0;[[0.0, 0, '0']];0.0;0
F7EKI0_XENTR_0;[[0.0, 0, '0']];0.0;0
F6YUF2_XENTR_0;[[0.0, 0, '0']];0.0;0
F6WSP0_XENTR_0;[[0.0, 0, '0']];0.0;0
F7C4T1_XENTR_0;[[0.0, 0, '0']];0.0;0
F6SBB9_XENTR_0;[[0.0, 0, '0']];0.0;0
F6R3H8_XENTR_0;[[0.0, 0, '0']];0.0;0
B1H1F4_XENTR_0;[[0.0, 0, '0']];0.0;0
F6UU75_XENTR_0;[[0.0, 0, '0']];0.0;0
F6PTH6_XENTR_0;[[0.0, 0, '0']];0.0;0
F6X9Y0_XENTR_0;[[0.0, 0, '0']];0.0;0
F7EC15_XENTR_0;[[0.0, 0, '0']];0.0;0
F6QTI8_XENTR_0;[[0.0, 0, '0']];0.0;0
F6WII2_XENTR_0;[[0.0, 0, '0']];0.0;0
H2ZVG5_LATCH_0;[[0.0, 0, '0']];0.0;0
M3XIP9_LATCH_0;[[0.0, 0, '0']];0.0;0
H3ACW2_LATCH_0;[[0.0, 0, '0']];0.0;0
H2ZWW4_LATCH_0;[[0.0, 0, '0']];0.0;0
H3B2R5_LATCH_0;[[0.0, 0, '0']];0.0;0
H3A6Z7_LATCH_0;[[0.0, 0, '0']];0.0;0
M3XJC5_LATCH_0;[[0.0, 0, '0']];0.0;0
H3AAI8_LATCH_0;[[0.0, 0, '0']];0.0;0
H2ZVT4_LATCH_0;[[0.0, 0, '0']];0.0;0
H3AX78_LATCH_0;[[0.0, 0, '0']];0.0;0
M3XJ38_LATCH_0;[[0.0, 0, '0']];0.0;0
W5NE82_LEPOC_0;[[0.0, 0, '0']];0.0;0
W5M4M4_LEPOC_0;[[0.0, 0, '0']];0.0;0
W5NHG3_LEPOC_0;[[0.0, 0, '0']];0.0;0
W5MNX0_LEPOC_0;[[0.0, 0, '0']];0.0;0
W5NGP4_LEPOC_0;[[0.0, 0, '0']];0.0;0
W5MWL7_LEPOC_0;[[0.0, 0, '0']];0.0;0
W5M3R4_LEPOC_0;[[0.0, 0, '0']];0.0;0
W5M3Q4_LEPOC_0;[[0.0, 0, '0']];0.0;0
W5NCP5_LEPOC_0;[[0.0, 0, '0']];0.0;0
W5M531_LEPOC_0;[[0.0, 0, '0']];0.0;0
W5MWM9_LEPOC_0;[[0.0, 0, '0']];0.0;0
E7EZE3_DANRE_0;[[0.0, 0, '0']];0.0;0
F1QBF1_DANRE_0;[[0.0, 0, '0']];0.0;0
E7F6E0_DANRE_0;[[0.0, 0, '0']];0.0;0
A0A140TAU3_DANRE_0;[[0.0, 0, '0']];0.0;0
F1Q9F8_DANRE_0;[[0.0, 0, '0']];0.0;0
A0A0R4IXP1_DANRE_0;[[0.0, 0, '0']];0.0;0
F1QCQ8_DANRE_0;[[0.0, 0, '0']];0.0;0
E7F9Q9_DANRE_0;[[0.0, 0, '0']];0.0;0
W5LLH1_ASTMX_0;[[0.0, 0, '0']];0.0;0
W5K9G7_ASTMX_0;[[0.0, 0, '0']];0.0;0
W5LJ82_ASTMX_0;[[0.0, 0, '0']];0.0;0
W5K6A8_ASTMX_0;[[0.0, 0, '0']];0.0;0
W5KIU0_ASTMX_0;[[0.0, 0, '0']];0.0;0
W5K849_ASTMX_0;[[0.0, 0, '0']];0.0;0
W5L0U3_ASTMX_0;[[0.0, 0, '0']];0.0;0
W5LRM0_ASTMX_0;[[0.0, 0, '0']];0.0;0
W5KAP8_ASTMX_0;[[0.0, 0, '0']];0.0;0
I3IWV9_ORENI_0;[[0.0, 0, '0']];0.0;0
I3J4U2_ORENI_0;[[0.0, 0, '0']];0.0;0
I3KHB5_ORENI_0;[[0.0, 0, '0']];0.0;0
I3JHX4_ORENI_0;[[0.0, 0, '0']];0.0;0
I3KYQ8_ORENI_0;[[0.0, 0, '0']];0.0;0
I3JEC7_ORENI_0;[[0.0, 0, '0']];0.0;0
I3KCZ4_ORENI_0;[[0.0, 0, '0']];0.0;0
I3IYL8_ORENI_0;[[0.0, 0, '0']];0.0;0
I3KWC4_ORENI_0;[[0.0, 0, '0']];0.0;0
I3IYB2_ORENI_0;[[0.0, 0, '0']];0.0;0
A0A087YC70_POEFO_0;[[0.0, 0, '0']];0.0;0
A0A087YB91_POEFO_0;[[0.0, 0, '0']];0.0;0
A0A087YNL7_POEFO_0;[[0.0, 0, '0']];0.0;0
A0A087XH33_POEFO_0;[[0.0, 0, '0']];0.0;0
A0A087XEK6_POEFO_0;[[0.0, 0, '0']];0.0;0
A0A087XBC5_POEFO_0;[[0.0, 0, '0']];0.0;0
A0A096LWM2_POEFO_0;[[0.0, 0, '0']];0.0;0
A0A087X8G3_POEFO_0;[[0.0, 0, '0']];0.0;0
A0A087Y3I8_POEFO_0;[[0.0, 0, '0']];0.0;0
A0A096M5A9_POEFO_0;[[0.0, 0, '0']];0.0;0
A0A087X6C9_POEFO_0;[[0.0, 0, '0']];0.0;0
A0A087XEB7_POEFO_0;[[0.0, 0, '0']];0.0;0
A0A087XRS7_POEFO_0;[[0.0, 0, '0']];0.0;0
A0A087YK02_POEFO_0;[[0.0, 0, '0']];0.0;0
A0A096LYQ5_POEFO_0;[[0.0, 0, '0']];0.0;0
M4AKC5_XIPMA_0;[[0.0, 0, '0']];0.0;0
M3ZIL2_XIPMA_0;[[0.0, 0, '0']];0.0;0
M3ZXJ0_XIPMA_0;[[0.0, 0, '0']];0.0;0
M4AG44_XIPMA_0;[[0.0, 0, '0']];0.0;0
M3ZUZ2_XIPMA_0;[[0.0, 0, '0']];0.0;0
M4A7P2_XIPMA_0;[[0.0, 0, '0']];0.0;0
M3ZHU5_XIPMA_0;[[0.0, 0, '0']];0.0;0
M4AUX9_XIPMA_0;[[0.0, 0, '0']];0.0;0
M4AZY0_XIPMA_0;[[0.0, 0, '0']];0.0;0
H2LGU6_ORYLA_0;[[0.0, 0, '0']];0.0;0
H2MPC6_ORYLA_0;[[0.0, 0, '0']];0.0;0
H2L842_ORYLA_0;[[0.0, 0, '0']];0.0;0
H2M4X9_ORYLA_0;[[0.0, 0, '0']];0.0;0
H2TTM2_TAKRU_0;[[0.0, 0, '0']];0.0;0
H2SZY5_TAKRU_0;[[0.0, 0, '0']];0.0;0
H2RV16_TAKRU_0;[[0.0, 0, '0']];0.0;0
H3CYE9_TETNG_0;[[0.0, 0, '0']];0.0;0
H3D6A2_TETNG_0;[[0.0, 0, '0']];0.0;0
H3CWU4_TETNG_0;[[0.0, 0, '0']];0.0;0
H3CPV7_TETNG_0;[[0.0, 0, '0']];0.0;0
G3PIC2_GASAC_0;[[0.0, 0, '0']];0.0;0
G3PXZ6_GASAC_0;[[0.0, 0, '0']];0.0;0
G3PWT5_GASAC_0;[[0.0, 0, '0']];0.0;0
G3PWE1_GASAC_0;[[0.0, 0, '0']];0.0;0
G3QC31_GASAC_0;[[0.0, 0, '0']];0.0;0
G3PLE4_GASAC_0;[[0.0, 0, '0']];0.0;0
G3P8N2_GASAC_0;[[0.0, 0, '0']];0.0;0
F6T0X5_CIOIN_0;[[0.0, 0, '0']];0.0;0
F6ZZ65_CIOIN_0;[[0.0, 0, '0']];0.0;0
F6YHN3_CIOIN_0;[[0.0, 0, '0']];0.0;0
F6RDQ7_CIOIN_0;[[0.0, 0, '0']];0.0;0
H2XR31_CIOIN_0;[[0.0, 0, '0']];0.0;0
H2XNP6_CIOIN_0;[[0.0, 0, '0']];0.0;0
F6V8F4_CIOIN_0;[[0.0, 0, '0']];0.0;0
H2Y5K1_CIOSA_0;[[0.0, 0, '0']];0.0;0
H2YNN2_CIOSA_0;[[0.0, 0, '0']];0.0;0
H2ZEB0_CIOSA_0;[[0.0, 0, '0']];0.0;0
H2Z2Z3_CIOSA_0;[[0.0, 0, '0']];0.0;0
H2YKL4_CIOSA_0;[[0.0, 0, '0']];0.0;0
H2ZFB3_CIOSA_0;[[0.0, 0, '0']];0.0;0
H2YQF5_CIOSA_0;[[0.0, 0, '0']];0.0;0
H2YY40_CIOSA_0;[[0.0, 0, '0']];0.0;0
H2Y718_CIOSA_0;[[0.0, 0, '0']];0.0;0
W4XP81_STRPU_0;[[0.0, 0, '0']];0.0;0
W4YQA9_STRPU_0;[[0.0, 0, '0']];0.0;0
W4XAM9_STRPU_0;[[0.0, 0, '0']];0.0;0
W4YNQ9_STRPU_0;[[0.0, 0, '0']];0.0;0
W4YMR2_STRPU_0;[[0.0, 0, '0']];0.0;0
W4XPH5_STRPU_0;[[0.0, 0, '0']];0.0;0
W4Z8E6_STRPU_0;[[0.0, 0, '0']];0.0;0
W4XFB5_STRPU_0;[[0.0, 0, '0']];0.0;0
W4XLR8_STRPU_0;[[0.0, 0, '0']];0.0;0
W4XAU7_STRPU_0;[[0.0, 0, '0']];0.0;0
W4Y6U2_STRPU_0;[[0.0, 0, '0']];0.0;0
W4YQE9_STRPU_0;[[0.0, 0, '0']];0.0;0
W4XKH6_STRPU_0;[[0.0, 0, '0']];0.0;0
W4YRA4_STRPU_0;[[0.0, 0, '0']];0.0;0
W4YSB1_STRPU_0;[[0.0, 0, '0']];0.0;0
T1EK87_HELRO_0;[[0.0, 0, '0']];0.0;0
T1FT46_HELRO_0;[[0.0, 0, '0']];0.0;0
T1FPQ8_HELRO_0;[[0.0, 0, '0']];0.0;0
T1FL10_HELRO_0;[[0.0, 0, '0']];0.0;0
T1G9V1_HELRO_0;[[0.0, 0, '0']];0.0;0
T1FEE1_HELRO_0;[[0.0, 0, '0']];0.0;0
T1G3W6_HELRO_0;[[0.0, 0, '0']];0.0;0
T1EEF4_HELRO_0;[[0.0, 0, '0']];0.0;0
T1G1W0_HELRO_0;[[0.0, 0, '0']];0.0;0
T1FZ41_HELRO_0;[[0.0, 0, '0']];0.0;0
T1FAN3_HELRO_0;[[0.0, 0, '0']];0.0;0
K1QJC8_CRAGI_0;[[0.0, 0, '0']];0.0;0
K1RHW2_CRAGI_0;[[0.0, 0, '0']];0.0;0
K1PFG3_CRAGI_0;[[0.0, 0, '0']];0.0;0
K1QAR1_CRAGI_0;[[0.0, 0, '0']];0.0;0
K1QMM4_CRAGI_0;[[0.0, 0, '0']];0.0;0
K1QAN9_CRAGI_0;[[0.0, 0, '0']];0.0;0
K1QDK8_CRAGI_0;[[0.0, 0, '0']];0.0;0
K1QNC8_CRAGI_0;[[0.0, 0, '0']];0.0;0
K1QT73_CRAGI_0;[[0.0, 0, '0']];0.0;0
K1RF96_CRAGI_0;[[0.0, 0, '0']];0.0;0
K1QYL7_CRAGI_0;[[0.0, 0, '0']];0.0;0
K1RTU4_CRAGI_0;[[0.0, 0, '0']];0.0;0
V3ZL20_LOTGI_0;[[0.0, 0, '0']];0.0;0
V3ZMW5_LOTGI_0;[[0.0, 0, '0']];0.0;0
V4C0L9_LOTGI_0;[[0.0, 0, '0']];0.0;0
V4BHA5_LOTGI_0;[[0.0, 0, '0']];0.0;0
V4BDA4_LOTGI_0;[[0.0, 0, '0']];0.0;0
V4ARC4_LOTGI_0;[[0.0, 0, '0']];0.0;0
V4B7H3_LOTGI_0;[[0.0, 0, '0']];0.0;0
V4ASP5_LOTGI_0;[[0.0, 0, '0']];0.0;0
V3ZR86_LOTGI_0;[[0.0, 0, '0']];0.0;0
G4VAW8_SCHMA_0;[[0.0, 0, '0']];0.0;0
G4VB11_SCHMA_0;[[0.0, 0, '0']];0.0;0
G4VQ40_SCHMA_0;[[0.0, 0, '0']];0.0;0
G4LW93_SCHMA_0;[[0.0, 0, '0']];0.0;0
G4VFM7_SCHMA_0;[[0.0, 0, '0']];0.0;0
G4M289_SCHMA_0;[[0.0, 0, '0']];0.0;0
G4LWA2_SCHMA_0;[[0.0, 0, '0']];0.0;0
G4VMY2_SCHMA_0;[[0.0, 0, '0']];0.0;0
G4V987_SCHMA_0;[[0.0, 0, '0']];0.0;0
H9IUL9_BOMMO_0;[[0.0, 0, '0']];0.0;0
H9JBL6_BOMMO_0;[[0.0, 0, '0']];0.0;0
H9IX60_BOMMO_0;[[0.0, 0, '0']];0.0;0
H9J068_BOMMO_0;[[0.0, 0, '0']];0.0;0
H9J289_BOMMO_0;[[0.0, 0, '0']];0.0;0
H9IZS9_BOMMO_0;[[0.0, 0, '0']];0.0;0
H9JVX6_BOMMO_0;[[0.0, 0, '0']];0.0;0
A0A139WBN3_TRICA_0;[[0.0, 0, '0']];0.0;0
D6W797_TRICA_0;[[0.0, 0, '0']];0.0;0
A0A139WKF1_TRICA_0;[[0.0, 0, '0']];0.0;0
D6WUJ1_TRICA_0;[[0.0, 0, '0']];0.0;0
D2A2G0_TRICA_0;[[0.0, 0, '0']];0.0;0
N6TE63_DENPD_0;[[0.0, 0, '0']];0.0;0
Q9VPP9_DROME_0;[[0.0, 0, '0']];0.0;0
FRITZ_DROME_0;[[0.0, 0, '0']];0.0;0
Q9VYM3_DROME_0;[[0.0, 0, '0']];0.0;0
Q9VS19_DROME_0;[[0.0, 0, '0']];0.0;0
Q9VF13_DROME_0;[[0.0, 0, '0']];0.0;0
B3MUH4_DROAN_0;[[0.0, 0, '0']];0.0;0
B3M393_DROAN_0;[[0.0, 0, '0']];0.0;0
B3MUA1_DROAN_0;[[0.0, 0, '0']];0.0;0
B3MZ02_DROAN_0;[[0.0, 0, '0']];0.0;0
B4I7P4_DROSE_0;[[0.0, 0, '0']];0.0;0
B4IGG4_DROSE_0;[[0.0, 0, '0']];0.0;0
B4IDB2_DROSE_0;[[0.0, 0, '0']];0.0;0
B4HLG5_DROSE_0;[[0.0, 0, '0']];0.0;0
B4ICX1_DROSE_0;[[0.0, 0, '0']];0.0;0
B4IPB8_DROSE_0;[[0.0, 0, '0']];0.0;0
B4Q641_DROSI_0;[[0.0, 0, '0']];0.0;0
B4KFI6_DROMO_0;[[0.0, 0, '0']];0.0;0
B4K5Q4_DROMO_0;[[0.0, 0, '0']];0.0;0
B4KGC5_DROMO_0;[[0.0, 0, '0']];0.0;0
B4L6J8_DROMO_0;[[0.0, 0, '0']];0.0;0
A0A0Q9XI51_DROMO_0;[[0.0, 0, '0']];0.0;0
B4LLH6_DROVI_0;[[0.0, 0, '0']];0.0;0
B4LX92_DROVI_0;[[0.0, 0, '0']];0.0;0
A0A0Q9W9F9_DROVI_0;[[0.0, 0, '0']];0.0;0
B4M869_DROVI_0;[[0.0, 0, '0']];0.0;0
B4LTL5_DROVI_0;[[0.0, 0, '0']];0.0;0
B4LNW6_DROVI_0;[[0.0, 0, '0']];0.0;0
B4G8S5_DROPE_0;[[0.0, 0, '0']];0.0;0
B4G899_DROPE_0;[[0.0, 0, '0']];0.0;0
B4GEV6_DROPE_0;[[0.0, 0, '0']];0.0;0
B5DXM6_DROPS_0;[[0.0, 0, '0']];0.0;0
Q28WL3_DROPS_0;[[0.0, 0, '0']];0.0;0
Q29N44_DROPS_0;[[0.0, 0, '0']];0.0;0
Q29J74_DROPS_0;[[0.0, 0, '0']];0.0;0
Q29MT0_DROPS_0;[[0.0, 0, '0']];0.0;0
B4NJQ7_DROWI_0;[[0.0, 0, '0']];0.0;0
B4MV93_DROWI_0;[[0.0, 0, '0']];0.0;0
B4N2G2_DROWI_0;[[0.0, 0, '0']];0.0;0
B4MW67_DROWI_0;[[0.0, 0, '0']];0.0;0
B4NBA2_DROWI_0;[[0.0, 0, '0']];0.0;0
B4JNK1_DROGR_0;[[0.0, 0, '0']];0.0;0
B4JDP6_DROGR_0;[[0.0, 0, '0']];0.0;0
A0A0L0CAS7_LUCCU_0;[[0.0, 0, '0']];0.0;0
A0A0L0C437_LUCCU_0;[[0.0, 0, '0']];0.0;0
A0A0L0C708_LUCCU_0;[[0.0, 0, '0']];0.0;0
A0A0L0BP76_LUCCU_0;[[0.0, 0, '0']];0.0;0
Q7Q1T6_ANOGA_0;[[0.0, 0, '0']];0.0;0
F5HK34_ANOGA_0;[[0.0, 0, '0']];0.0;0
Q7QKB4_ANOGA_0;[[0.0, 0, '0']];0.0;0
Q7PZG7_ANOGA_0;[[0.0, 0, '0']];0.0;0
Q7Q5W5_ANOGA_0;[[0.0, 0, '0']];0.0;0
Q7Q2M8_ANOGA_0;[[0.0, 0, '0']];0.0;0
W5JQZ5_ANODA_0;[[0.0, 0, '0']];0.0;0
W5JSM4_ANODA_0;[[0.0, 0, '0']];0.0;0
W5JX09_ANODA_0;[[0.0, 0, '0']];0.0;0
W5J3B6_ANODA_0;[[0.0, 0, '0']];0.0;0
W5JJX1_ANODA_0;[[0.0, 0, '0']];0.0;0
W5JDQ4_ANODA_0;[[0.0, 0, '0']];0.0;0
Q17MR4_AEDAE_0;[[0.0, 0, '0']];0.0;0
Q17AX8_AEDAE_0;[[0.0, 0, '0']];0.0;0
Q17IM4_AEDAE_0;[[0.0, 0, '0']];0.0;0
B0W1I5_CULQU_0;[[0.0, 0, '0']];0.0;0
B0X1U1_CULQU_0;[[0.0, 0, '0']];0.0;0
B0X4V5_CULQU_0;[[0.0, 0, '0']];0.0;0
B0WVV4_CULQU_0;[[0.0, 0, '0']];0.0;0
B0WLK0_CULQU_0;[[0.0, 0, '0']];0.0;0
B0W644_CULQU_0;[[0.0, 0, '0']];0.0;0
B0WHK9_CULQU_0;[[0.0, 0, '0']];0.0;0
K7IUM7_NASVI_0;[[0.0, 0, '0']];0.0;0
K7JKG6_NASVI_0;[[0.0, 0, '0']];0.0;0
K7JWU6_NASVI_0;[[0.0, 0, '0']];0.0;0
K7JBD5_NASVI_0;[[0.0, 0, '0']];0.0;0
K7J2U6_NASVI_0;[[0.0, 0, '0']];0.0;0
K7IZ19_NASVI_0;[[0.0, 0, '0']];0.0;0
K7IMU7_NASVI_0;[[0.0, 0, '0']];0.0;0
K7IUT2_NASVI_0;[[0.0, 0, '0']];0.0;0
A0A158NBR4_ATTCE_0;[[0.0, 0, '0']];0.0;0
A0A158NWD1_ATTCE_0;[[0.0, 0, '0']];0.0;0
A0A158N9M8_ATTCE_0;[[0.0, 0, '0']];0.0;0
A0A158NBF3_ATTCE_0;[[0.0, 0, '0']];0.0;0
A0A158NV12_ATTCE_0;[[0.0, 0, '0']];0.0;0
A0A158N997_ATTCE_0;[[0.0, 0, '0']];0.0;0
A0A067QHW0_ZOONE_0;[[0.0, 0, '0']];0.0;0
A0A067REY3_ZOONE_0;[[0.0, 0, '0']];0.0;0
A0A067R087_ZOONE_0;[[0.0, 0, '0']];0.0;0
A0A067RAV1_ZOONE_0;[[0.0, 0, '0']];0.0;0
A0A067QWM4_ZOONE_0;[[0.0, 0, '0']];0.0;0
A0A067QNW7_ZOONE_0;[[0.0, 0, '0']];0.0;0
A0A067R4F6_ZOONE_0;[[0.0, 0, '0']];0.0;0
J9K5L4_ACYPI_0;[[0.0, 0, '0']];0.0;0
J9KWP6_ACYPI_0;[[0.0, 0, '0']];0.0;0
J9JLI4_ACYPI_0;[[0.0, 0, '0']];0.0;0
T1HIG5_RHOPR_0;[[0.0, 0, '0']];0.0;0
T1IEA4_RHOPR_0;[[0.0, 0, '0']];0.0;0
T1IBT8_RHOPR_0;[[0.0, 0, '0']];0.0;0
T1HY60_RHOPR_0;[[0.0, 0, '0']];0.0;0
T1HIA6_RHOPR_0;[[0.0, 0, '0']];0.0;0
T1HVS2_RHOPR_0;[[0.0, 0, '0']];0.0;0
R4G3C9_RHOPR_0;[[0.0, 0, '0']];0.0;0
T1HN23_RHOPR_0;[[0.0, 0, '0']];0.0;0
T1HMQ0_RHOPR_0;[[0.0, 0, '0']];0.0;0
E0VEZ1_PEDHC_0;[[0.0, 0, '0']];0.0;0
E0W305_PEDHC_0;[[0.0, 0, '0']];0.0;0
E0VFJ8_PEDHC_0;[[0.0, 0, '0']];0.0;0
E0VBP2_PEDHC_0;[[0.0, 0, '0']];0.0;0
E0VZH2_PEDHC_0;[[0.0, 0, '0']];0.0;0
E0VDR8_PEDHC_0;[[0.0, 0, '0']];0.0;0
E0VD41_PEDHC_0;[[0.0, 0, '0']];0.0;0
E0VL22_PEDHC_0;[[0.0, 0, '0']];0.0;0
E9HLA0_DAPPU_0;[[0.0, 0, '0']];0.0;0
E9HLR1_DAPPU_0;[[0.0, 0, '0']];0.0;0
E9GL43_DAPPU_0;[[0.0, 0, '0']];0.0;0
E9H9T3_DAPPU_0;[[0.0, 0, '0']];0.0;0
E9G8C5_DAPPU_0;[[0.0, 0, '0']];0.0;0
E9G067_DAPPU_0;[[0.0, 0, '0']];0.0;0
E9G2T4_DAPPU_0;[[0.0, 0, '0']];0.0;0
E9HT82_DAPPU_0;[[0.0, 0, '0']];0.0;0
E9GGK3_DAPPU_0;[[0.0, 0, '0']];0.0;0
E9H9W1_DAPPU_0;[[0.0, 0, '0']];0.0;0
T1JGE4_STRMM_0;[[0.0, 0, '0']];0.0;0
T1IM01_STRMM_0;[[0.0, 0, '0']];0.0;0
T1J4V7_STRMM_0;[[0.0, 0, '0']];0.0;0
T1JL36_STRMM_0;[[0.0, 0, '0']];0.0;0
T1JN25_STRMM_0;[[0.0, 0, '0']];0.0;0
T1JN84_STRMM_0;[[0.0, 0, '0']];0.0;0
T1IPN7_STRMM_0;[[0.0, 0, '0']];0.0;0
T1IN54_STRMM_0;[[0.0, 0, '0']];0.0;0
T1J0I5_STRMM_0;[[0.0, 0, '0']];0.0;0
T1J508_STRMM_0;[[0.0, 0, '0']];0.0;0
T1L0Y2_TETUR_0;[[0.0, 0, '0']];0.0;0
T1KWA3_TETUR_0;[[0.0, 0, '0']];0.0;0
T1K902_TETUR_0;[[0.0, 0, '0']];0.0;0
T1K3F9_TETUR_0;[[0.0, 0, '0']];0.0;0
T1JX53_TETUR_0;[[0.0, 0, '0']];0.0;0
T1KAU0_TETUR_0;[[0.0, 0, '0']];0.0;0
T1KSQ0_TETUR_0;[[0.0, 0, '0']];0.0;0
T1KN87_TETUR_0;[[0.0, 0, '0']];0.0;0
A0A132A3B4_SARSC_0;[[0.0, 0, '0']];0.0;0
A0A132AI83_SARSC_0;[[0.0, 0, '0']];0.0;0
A0A132A941_SARSC_0;[[0.0, 0, '0']];0.0;0
A0A132AED3_SARSC_0;[[0.0, 0, '0']];0.0;0
A0A132AFF8_SARSC_0;[[0.0, 0, '0']];0.0;0
A0A131ZVY5_SARSC_0;[[0.0, 0, '0']];0.0;0
A0A132AMT7_SARSC_0;[[0.0, 0, '0']];0.0;0
A0A132A1L5_SARSC_0;[[0.0, 0, '0']];0.0;0
A0A132ADH9_SARSC_0;[[0.0, 0, '0']];0.0;0
A0A132A4K1_SARSC_0;[[0.0, 0, '0']];0.0;0
B7PGX0_IXOSC_0;[[0.0, 0, '0']];0.0;0
B7QJ88_IXOSC_0;[[0.0, 0, '0']];0.0;0
B7QG96_IXOSC_0;[[0.0, 0, '0']];0.0;0
B7QBS1_IXOSC_0;[[0.0, 0, '0']];0.0;0
B7Q560_IXOSC_0;[[0.0, 0, '0']];0.0;0
B7PSD9_IXOSC_0;[[0.0, 0, '0']];0.0;0
B7PXZ3_IXOSC_0;[[0.0, 0, '0']];0.0;0
B7PHC5_IXOSC_0;[[0.0, 0, '0']];0.0;0
B7PU94_IXOSC_0;[[0.0, 0, '0']];0.0;0
BBS2_CAEEL_0;[[0.0, 0, '0']];0.0;0
PTHB1_CAEEL_0;[[0.0, 0, '0']];0.0;0
G0P085_CAEBE_0;[[0.0, 0, '0']];0.0;0
G0NZF3_CAEBE_0;[[0.0, 0, '0']];0.0;0
G0MY08_CAEBE_0;[[0.0, 0, '0']];0.0;0
G0NCM0_CAEBE_0;[[0.0, 0, '0']];0.0;0
G0PL12_CAEBE_0;[[0.0, 0, '0']];0.0;0
G0NG53_CAEBE_0;[[0.0, 0, '0']];0.0;0
G0MK79_CAEBE_0;[[0.0, 0, '0']];0.0;0
G0MLH4_CAEBE_0;[[0.0, 0, '0']];0.0;0
E3NJN3_CAERE_0;[[0.0, 0, '0']];0.0;0
E3MFB0_CAERE_0;[[0.0, 0, '0']];0.0;0
E3LMW1_CAERE_0;[[0.0, 0, '0']];0.0;0
E3M4Z1_CAERE_0;[[0.0, 0, '0']];0.0;0
E3MFS3_CAERE_0;[[0.0, 0, '0']];0.0;0
E3NSB7_CAERE_0;[[0.0, 0, '0']];0.0;0
E3LZ78_CAERE_0;[[0.0, 0, '0']];0.0;0
A8X7A4_CAEBR_0;[[0.0, 0, '0']];0.0;0
A8XRG6_CAEBR_0;[[0.0, 0, '0']];0.0;0
A8Y3D5_CAEBR_0;[[0.0, 0, '0']];0.0;0
A8XA77_CAEBR_0;[[0.0, 0, '0']];0.0;0
A8X9X0_CAEBR_0;[[0.0, 0, '0']];0.0;0
A8XCI7_CAEBR_0;[[0.0, 0, '0']];0.0;0
A8XUK4_CAEBR_0;[[0.0, 0, '0']];0.0;0
A8XGG2_CAEBR_0;[[0.0, 0, '0']];0.0;0
H3DYA5_PRIPA_0;[[0.0, 0, '0']];0.0;0
H3FMD9_PRIPA_0;[[0.0, 0, '0']];0.0;0
H3F5B6_PRIPA_0;[[0.0, 0, '0']];0.0;0
H3G2I6_PRIPA_0;[[0.0, 0, '0']];0.0;0
H3FK30_PRIPA_0;[[0.0, 0, '0']];0.0;0
H3DXJ0_PRIPA_0;[[0.0, 0, '0']];0.0;0
H3E7Q4_PRIPA_0;[[0.0, 0, '0']];0.0;0
H3FPW8_PRIPA_0;[[0.0, 0, '0']];0.0;0
A0A0K0J7N8_BRUMA_0;[[0.0, 0, '0']];0.0;0
A0A0K0JGJ2_BRUMA_0;[[0.0, 0, '0']];0.0;0
A0A158PWS5_BRUMA_0;[[0.0, 0, '0']];0.0;0
A0A044S4J3_ONCVO_0;[[0.0, 0, '0']];0.0;0
A0A044RGE9_ONCVO_0;[[0.0, 0, '0']];0.0;0
A0A044RIU7_ONCVO_0;[[0.0, 0, '0']];0.0;0
A0A044UUG6_ONCVO_0;[[0.0, 0, '0']];0.0;0
A0A044T938_ONCVO_0;[[0.0, 0, '0']];0.0;0
A0A090L5W0_STRRB_0;[[0.0, 0, '0']];0.0;0
A0A090L692_STRRB_0;[[0.0, 0, '0']];0.0;0
A0A090LTH6_STRRB_0;[[0.0, 0, '0']];0.0;0
A0A090LLE7_STRRB_0;[[0.0, 0, '0']];0.0;0
A0A090LBV3_STRRB_0;[[0.0, 0, '0']];0.0;0
A0A090LL11_STRRB_0;[[0.0, 0, '0']];0.0;0
A0A090LHJ8_STRRB_0;[[0.0, 0, '0']];0.0;0
A7RY88_NEMVE_0;[[0.0, 0, '0']];0.0;0
A7RRK9_NEMVE_0;[[0.0, 0, '0']];0.0;0
A7RIW9_NEMVE_0;[[0.0, 0, '0']];0.0;0
A7SA52_NEMVE_0;[[0.0, 0, '0']];0.0;0
A7S4V5_NEMVE_0;[[0.0, 0, '0']];0.0;0
A7S3C1_NEMVE_0;[[0.0, 0, '0']];0.0;0
A7RRC2_NEMVE_0;[[0.0, 0, '0']];0.0;0
A7S9V7_NEMVE_0;[[0.0, 0, '0']];0.0;0
A7SH53_NEMVE_0;[[0.0, 0, '0']];0.0;0
A7STA0_NEMVE_0;[[0.0, 0, '0']];0.0;0
A7SRQ9_NEMVE_0;[[0.0, 0, '0']];0.0;0
A7RZZ8_NEMVE_0;[[0.0, 0, '0']];0.0;0
A7SJU1_NEMVE_0;[[0.0, 0, '0']];0.0;0
A7SR08_NEMVE_0;[[0.0, 0, '0']];0.0;0
A7RHF6_NEMVE_0;[[0.0, 0, '0']];0.0;0
A7S6S2_NEMVE_0;[[0.0, 0, '0']];0.0;0
B3RJ12_TRIAD_0;[[0.0, 0, '0']];0.0;0
B3SAM9_TRIAD_0;[[0.0, 0, '0']];0.0;0
B3RYU7_TRIAD_0;[[0.0, 0, '0']];0.0;0
B3RNV0_TRIAD_0;[[0.0, 0, '0']];0.0;0
B3RW68_TRIAD_0;[[0.0, 0, '0']];0.0;0
B3RR15_TRIAD_0;[[0.0, 0, '0']];0.0;0
A9UU67_MONBE_0;[[0.0, 0, '0']];0.0;0
A9VC34_MONBE_0;[[0.0, 0, '0']];0.0;0
A9UYR2_MONBE_0;[[0.0, 0, '0']];0.0;0
A9UVT9_MONBE_0;[[0.0, 0, '0']];0.0;0
A9URF3_MONBE_0;[[0.0, 0, '0']];0.0;0
A9UTD3_MONBE_0;[[0.0, 0, '0']];0.0;0
A9UW13_MONBE_0;[[0.0, 0, '0']];0.0;0
A9UQE8_MONBE_0;[[0.0, 0, '0']];0.0;0
A9V3H9_MONBE_0;[[0.0, 0, '0']];0.0;0
A9US50_MONBE_0;[[0.0, 0, '0']];0.0;0
F2UFD6_SALR5_0;[[0.0, 0, '0']];0.0;0
F2UP53_SALR5_0;[[0.0, 0, '0']];0.0;0
F2US57_SALR5_0;[[0.0, 0, '0']];0.0;0
F2TWK0_SALR5_0;[[0.0, 0, '0']];0.0;0
F2U9J6_SALR5_0;[[0.0, 0, '0']];0.0;0
F2TYE0_SALR5_0;[[0.0, 0, '0']];0.0;0
F2UKV5_SALR5_0;[[0.0, 0, '0']];0.0;0
A0A075B027_9FUNG_0;[[0.0, 0, '0']];0.0;0
A0A0L0SZE7_ALLMA_0;[[0.0, 0, '0']];0.0;0
A0A0L0TEE4_ALLMA_0;[[0.0, 0, '0']];0.0;0
A0A0L0TBM7_ALLMA_0;[[0.0, 0, '0']];0.0;0
A0A0L0S2E7_ALLMA_0;[[0.0, 0, '0']];0.0;0
A0A0L0T9T0_ALLMA_0;[[0.0, 0, '0']];0.0;0
A0A0L0RX02_ALLMA_0;[[0.0, 0, '0']];0.0;0
A0A0L0HGZ5_SPIPN_0;[[0.0, 0, '0']];0.0;0
A0A0L0HKI2_SPIPN_0;[[0.0, 0, '0']];0.0;0
A0A0L0HCR5_SPIPN_0;[[0.0, 0, '0']];0.0;0
F4PDV5_BATDJ_0;[[0.0, 0, '0']];0.0;0
F4NSL0_BATDJ_0;[[0.0, 0, '0']];0.0;0
A0A139AXF2_GONPR_0;[[0.0, 0, '0']];0.0;0
A0A139A4E2_GONPR_0;[[0.0, 0, '0']];0.0;0
A0A139APA4_GONPR_0;[[0.0, 0, '0']];0.0;0
C4VA57_NOSCE_0;[[0.0, 0, '0']];0.0;0
C4V6M3_NOSCE_0;[[0.0, 0, '0']];0.0;0
A0A059EQ31_9MICR_0;[[0.0, 0, '0']];0.0;0
A0A059F571_9MICR_0;[[0.0, 0, '0']];0.0;0
B7XJ53_ENTBH_0;[[0.0, 0, '0']];0.0;0
A0A0L0D5Q7_THETB_0;[[0.0, 0, '0']];0.0;0
A0A0L0DNH8_THETB_0;[[0.0, 0, '0']];0.0;0
A0A0L0DL12_THETB_0;[[0.0, 0, '0']];0.0;0
A0A0L0DY00_THETB_0;[[0.0, 0, '0']];0.0;0
A0A0L0DKV4_THETB_0;[[0.0, 0, '0']];0.0;0
A0A0L0DRR9_THETB_0;[[0.0, 0, '0']];0.0;0
A0A0L0DRW6_THETB_0;[[0.0, 0, '0']];0.0;0
A0A0L0DQP3_THETB_0;[[0.0, 0, '0']];0.0;0
A0A0S4KEX6_BODSA_0;[[0.0, 0, '0']];0.0;0
A0A0S4IWH2_BODSA_0;[[0.0, 0, '0']];0.0;0
A0A0S4KJV3_BODSA_0;[[0.0, 0, '0']];0.0;0
A0A0S4IYJ2_BODSA_0;[[0.0, 0, '0']];0.0;0
Q4Q7P7_LEIMA_0;[[0.0, 0, '0']];0.0;0
Q4QGM5_LEIMA_0;[[0.0, 0, '0']];0.0;0
Q4QBL0_LEIMA_0;[[0.0, 0, '0']];0.0;0
Q4Q5F8_LEIMA_0;[[0.0, 0, '0']];0.0;0
Q4QHY0_LEIMA_0;[[0.0, 0, '0']];0.0;0
Q4QEM9_LEIMA_0;[[0.0, 0, '0']];0.0;0
E9ADS3_LEIMA_0;[[0.0, 0, '0']];0.0;0
Q4QJ54_LEIMA_0;[[0.0, 0, '0']];0.0;0
A4HTV8_LEIIN_0;[[0.0, 0, '0']];0.0;0
A4I7U1_LEIIN_0;[[0.0, 0, '0']];0.0;0
A4I587_LEIIN_0;[[0.0, 0, '0']];0.0;0
A4HX34_LEIIN_0;[[0.0, 0, '0']];0.0;0
A4HSR6_LEIIN_0;[[0.0, 0, '0']];0.0;0
E9AH05_LEIIN_0;[[0.0, 0, '0']];0.0;0
E9AGF5_LEIIN_0;[[0.0, 0, '0']];0.0;0
A4HVW2_LEIIN_0;[[0.0, 0, '0']];0.0;0
A4HI10_LEIBR_0;[[0.0, 0, '0']];0.0;0
A4H4J1_LEIBR_0;[[0.0, 0, '0']];0.0;0
A4HKB1_LEIBR_0;[[0.0, 0, '0']];0.0;0
A4H8R6_LEIBR_0;[[0.0, 0, '0']];0.0;0
A4H6Y1_LEIBR_0;[[0.0, 0, '0']];0.0;0
A4H5M0_LEIBR_0;[[0.0, 0, '0']];0.0;0
W6LBN2_9TRYP_0;[[0.0, 0, '0']];0.0;0
W6L8P3_9TRYP_0;[[0.0, 0, '0']];0.0;0
W6LGD6_9TRYP_0;[[0.0, 0, '0']];0.0;0
W6LH84_9TRYP_0;[[0.0, 0, '0']];0.0;0
W6L664_9TRYP_0;[[0.0, 0, '0']];0.0;0
W6L0G6_9TRYP_0;[[0.0, 0, '0']];0.0;0
W6L219_9TRYP_0;[[0.0, 0, '0']];0.0;0
W6KP47_9TRYP_0;[[0.0, 0, '0']];0.0;0
W6KEL0_9TRYP_0;[[0.0, 0, '0']];0.0;0
W6KU64_9TRYP_0;[[0.0, 0, '0']];0.0;0
W6KHM9_9TRYP_0;[[0.0, 0, '0']];0.0;0
W6KEZ5_9TRYP_0;[[0.0, 0, '0']];0.0;0
W6KMB3_9TRYP_0;[[0.0, 0, '0']];0.0;0
A0A0M9FXC3_9TRYP_0;[[0.0, 0, '0']];0.0;0
A0A0N0DTJ9_9TRYP_0;[[0.0, 0, '0']];0.0;0
A0A0N0DVH7_9TRYP_0;[[0.0, 0, '0']];0.0;0
A0A0M9G8H0_9TRYP_0;[[0.0, 0, '0']];0.0;0
A0A0M9G5S3_9TRYP_0;[[0.0, 0, '0']];0.0;0
A0A0N0VDQ8_9TRYP_0;[[0.0, 0, '0']];0.0;0
S9WFZ2_9TRYP_0;[[0.0, 0, '0']];0.0;0
S9VQT5_9TRYP_0;[[0.0, 0, '0']];0.0;0
S9URU1_9TRYP_0;[[0.0, 0, '0']];0.0;0
S9U0A0_9TRYP_0;[[0.0, 0, '0']];0.0;0
S9UFH8_9TRYP_0;[[0.0, 0, '0']];0.0;0
S9U312_9TRYP_0;[[0.0, 0, '0']];0.0;0
S9TWC6_9TRYP_0;[[0.0, 0, '0']];0.0;0
S9UUW0_9TRYP_0;[[0.0, 0, '0']];0.0;0
S9WN89_9TRYP_0;[[0.0, 0, '0']];0.0;0
S9VGG5_9TRYP_0;[[0.0, 0, '0']];0.0;0
S9WR29_9TRYP_0;[[0.0, 0, '0']];0.0;0
S9UEA4_9TRYP_0;[[0.0, 0, '0']];0.0;0
S9U7B2_9TRYP_0;[[0.0, 0, '0']];0.0;0
S9VQC5_9TRYP_0;[[0.0, 0, '0']];0.0;0
S9WXN6_9TRYP_0;[[0.0, 0, '0']];0.0;0
S9VG80_9TRYP_0;[[0.0, 0, '0']];0.0;0
S9UX65_9TRYP_0;[[0.0, 0, '0']];0.0;0
S9UG30_9TRYP_0;[[0.0, 0, '0']];0.0;0
A0A0N0P4P7_LEPSE_0;[[0.0, 0, '0']];0.0;0
A0A0N1PFT7_LEPSE_0;[[0.0, 0, '0']];0.0;0
A0A0N1I805_LEPSE_0;[[0.0, 0, '0']];0.0;0
A0A0N1IKM3_LEPSE_0;[[0.0, 0, '0']];0.0;0
A0A0N0P2P9_LEPSE_0;[[0.0, 0, '0']];0.0;0
A0A0N1PCK5_LEPSE_0;[[0.0, 0, '0']];0.0;0
Q4DNK9_TRYCC_0;[[0.0, 0, '0']];0.0;0
Q4CYP7_TRYCC_0;[[0.0, 0, '0']];0.0;0
Q4CTU0_TRYCC_0;[[0.0, 0, '0']];0.0;0
Q4D0P3_TRYCC_0;[[0.0, 0, '0']];0.0;0
Q4D758_TRYCC_0;[[0.0, 0, '0']];0.0;0
Q4CXZ7_TRYCC_0;[[0.0, 0, '0']];0.0;0
Q4DQ54_TRYCC_0;[[0.0, 0, '0']];0.0;0
Q4D5L0_TRYCC_0;[[0.0, 0, '0']];0.0;0
Q4E3Y7_TRYCC_0;[[0.0, 0, '0']];0.0;0
V5B167_TRYCR_0;[[0.0, 0, '0']];0.0;0
K2N5E1_TRYCR_0;[[0.0, 0, '0']];0.0;0
K2NCL3_TRYCR_0;[[0.0, 0, '0']];0.0;0
V5DJG5_TRYCR_0;[[0.0, 0, '0']];0.0;0
V5D873_TRYCR_0;[[0.0, 0, '0']];0.0;0
K2NFA3_TRYCR_0;[[0.0, 0, '0']];0.0;0
A0A061IYN2_TRYRA_0;[[0.0, 0, '0']];0.0;0
A0A061IYH0_TRYRA_0;[[0.0, 0, '0']];0.0;0
A0A061IRX7_TRYRA_0;[[0.0, 0, '0']];0.0;0
A0A061J5J6_TRYRA_0;[[0.0, 0, '0']];0.0;0
A0A061J5Y7_TRYRA_0;[[0.0, 0, '0']];0.0;0
A0A061IZW5_TRYRA_0;[[0.0, 0, '0']];0.0;0
V6U1A3_GIAIN_0;[[0.0, 0, '0']];0.0;0
V6TXM2_GIAIN_0;[[0.0, 0, '0']];0.0;0
D2UZG5_NAEGR_0;[[0.0, 0, '0']];0.0;0
D2VRJ0_NAEGR_0;[[0.0, 0, '0']];0.0;0
D2V1M3_NAEGR_0;[[0.0, 0, '0']];0.0;0
D2VRF8_NAEGR_0;[[0.0, 0, '0']];0.0;0
D2VGV9_NAEGR_0;[[0.0, 0, '0']];0.0;0
D2V8J4_NAEGR_0;[[0.0, 0, '0']];0.0;0
D2UZA0_NAEGR_0;[[0.0, 0, '0']];0.0;0
D2UYR4_NAEGR_0;[[0.0, 0, '0']];0.0;0
D2V9Y2_NAEGR_0;[[0.0, 0, '0']];0.0;0
A2FHN7_TRIVA_0;[[0.0, 0, '0']];0.0;0
A2EVS0_TRIVA_0;[[0.0, 0, '0']];0.0;0
A2ERA0_TRIVA_0;[[0.0, 0, '0']];0.0;0
A2FLN7_TRIVA_0;[[0.0, 0, '0']];0.0;0
A2EKF6_TRIVA_0;[[0.0, 0, '0']];0.0;0
A2EWL4_TRIVA_0;[[0.0, 0, '0']];0.0;0
A8HYK1_CHLRE_0;[[0.0, 0, '0']];0.0;0
A8JDM5_CHLRE_0;[[0.0, 0, '0']];0.0;0
A8J6H2_CHLRE_0;[[0.0, 0, '0']];0.0;0
IFT74_CHLRE_0;[[0.0, 0, '0']];0.0;0
A8HY05_CHLRE_0;[[0.0, 0, '0']];0.0;0
A0A0J8AZA9_BETVU_0;[[0.0, 0, '0']];0.0;0
A0A0L9UFN1_PHAAN_0;[[0.0, 0, '0']];0.0;0
D8RT29_SELML_0;[[0.0, 0, '0']];0.0;0
B8C2P1_THAPS_0;[[0.0, 0, '0']];0.0;0
B5YNM9_THAPS_0;[[0.0, 0, '0']];0.0;0
K0RSF4_THAOC_0;[[0.0, 0, '0']];0.0;0
T0R219_9STRA_0;[[0.0, 0, '0']];0.0;0
T0SBE3_9STRA_0;[[0.0, 0, '0']];0.0;0
T0QJ46_9STRA_0;[[0.0, 0, '0']];0.0;0
T0QH98_9STRA_0;[[0.0, 0, '0']];0.0;0
A0A024T8H2_9STRA_0;[[0.0, 0, '0']];0.0;0
A0A024TBC5_9STRA_0;[[0.0, 0, '0']];0.0;0
A0A024TTU2_9STRA_0;[[0.0, 0, '0']];0.0;0
A0A024U9Y1_9STRA_0;[[0.0, 0, '0']];0.0;0
W4FHA7_9STRA_0;[[0.0, 0, '0']];0.0;0
W4FJ10_9STRA_0;[[0.0, 0, '0']];0.0;0
W4GJ30_9STRA_0;[[0.0, 0, '0']];0.0;0
A0A024G8A2_9STRA_0;[[0.0, 0, '0']];0.0;0
A0A024G1K1_9STRA_0;[[0.0, 0, '0']];0.0;0
A0A024GM19_9STRA_0;[[0.0, 0, '0']];0.0;0
A0A024G8J4_9STRA_0;[[0.0, 0, '0']];0.0;0
A0A024G1W2_9STRA_0;[[0.0, 0, '0']];0.0;0
A0A024G2J7_9STRA_0;[[0.0, 0, '0']];0.0;0
A0A024GAQ7_9STRA_0;[[0.0, 0, '0']];0.0;0
D0N6L3_PHYIT_0;[[0.0, 0, '0']];0.0;0
D0NIZ2_PHYIT_0;[[0.0, 0, '0']];0.0;0
D0NMI9_PHYIT_0;[[0.0, 0, '0']];0.0;0
D0P4B2_PHYIT_0;[[0.0, 0, '0']];0.0;0
H3GA73_PHYRM_0;[[0.0, 0, '0']];0.0;0
H3HDM8_PHYRM_0;[[0.0, 0, '0']];0.0;0
H3G5F9_PHYRM_0;[[0.0, 0, '0']];0.0;0
H3G787_PHYRM_0;[[0.0, 0, '0']];0.0;0
H3HB40_PHYRM_0;[[0.0, 0, '0']];0.0;0
H3H3M3_PHYRM_0;[[0.0, 0, '0']];0.0;0
H3GG97_PHYRM_0;[[0.0, 0, '0']];0.0;0
A0A0W8B5F2_PHYNI_0;[[0.0, 0, '0']];0.0;0
A0A0W8BYL7_PHYNI_0;[[0.0, 0, '0']];0.0;0
A0A0W8C0V4_PHYNI_0;[[0.0, 0, '0']];0.0;0
A0A0W8BXS2_PHYNI_0;[[0.0, 0, '0']];0.0;0
A0A0W8CRE0_PHYNI_0;[[0.0, 0, '0']];0.0;0
A0A0W8DLD4_PHYNI_0;[[0.0, 0, '0']];0.0;0
A0A0W8CKJ4_PHYNI_0;[[0.0, 0, '0']];0.0;0
V9EH23_PHYPR_0;[[0.0, 0, '0']];0.0;0
V9EY54_PHYPR_0;[[0.0, 0, '0']];0.0;0
V9F750_PHYPR_0;[[0.0, 0, '0']];0.0;0
V9DZZ4_PHYPR_0;[[0.0, 0, '0']];0.0;0
W2ZBV4_PHYPR_0;[[0.0, 0, '0']];0.0;0
W2Z794_PHYPR_0;[[0.0, 0, '0']];0.0;0
W2YN75_PHYPR_0;[[0.0, 0, '0']];0.0;0
W2Y705_PHYPR_0;[[0.0, 0, '0']];0.0;0
W2QWY8_PHYPN_0;[[0.0, 0, '0']];0.0;0
W2Q6I6_PHYPN_0;[[0.0, 0, '0']];0.0;0
W2Q9Y5_PHYPN_0;[[0.0, 0, '0']];0.0;0
W2Q3L9_PHYPN_0;[[0.0, 0, '0']];0.0;0
W2R2K8_PHYPN_0;[[0.0, 0, '0']];0.0;0
G4YVH6_PHYSP_0;[[0.0, 0, '0']];0.0;0
G5AEA7_PHYSP_0;[[0.0, 0, '0']];0.0;0
G4YNA1_PHYSP_0;[[0.0, 0, '0']];0.0;0
G4Z0F4_PHYSP_0;[[0.0, 0, '0']];0.0;0
K3WZB3_PYTUL_0;[[0.0, 0, '0']];0.0;0
K3WA10_PYTUL_0;[[0.0, 0, '0']];0.0;0
K3WT36_PYTUL_0;[[0.0, 0, '0']];0.0;0
K3WUB9_PYTUL_0;[[0.0, 0, '0']];0.0;0
K3X8B7_PYTUL_0;[[0.0, 0, '0']];0.0;0
K3WRX6_PYTUL_0;[[0.0, 0, '0']];0.0;0
K3XBX6_PYTUL_0;[[0.0, 0, '0']];0.0;0
K3XAU7_PYTUL_0;[[0.0, 0, '0']];0.0;0
A0A067CVF7_SAPPC_0;[[0.0, 0, '0']];0.0;0
A0A067BQG6_SAPPC_0;[[0.0, 0, '0']];0.0;0
A0A067BPT6_SAPPC_0;[[0.0, 0, '0']];0.0;0
A0A067BK52_SAPPC_0;[[0.0, 0, '0']];0.0;0
A0A067CEN2_SAPPC_0;[[0.0, 0, '0']];0.0;0
A0A067BN65_SAPPC_0;[[0.0, 0, '0']];0.0;0
A0A067CKY6_SAPPC_0;[[0.0, 0, '0']];0.0;0
A0A067BUM2_SAPPC_0;[[0.0, 0, '0']];0.0;0
A0A067BYV7_SAPPC_0;[[0.0, 0, '0']];0.0;0
F0YI19_AURAN_0;[[0.0, 0, '0']];0.0;0
F0YI57_AURAN_0;[[0.0, 0, '0']];0.0;0
F0Y179_AURAN_0;[[0.0, 0, '0']];0.0;0
F0YP02_AURAN_0;[[0.0, 0, '0']];0.0;0
F0XZU8_AURAN_0;[[0.0, 0, '0']];0.0;0
F0YAJ5_AURAN_0;[[0.0, 0, '0']];0.0;0
F0YFS0_AURAN_0;[[0.0, 0, '0']];0.0;0
F0YIA4_AURAN_0;[[0.0, 0, '0']];0.0;0
F0YK18_AURAN_0;[[0.0, 0, '0']];0.0;0
F0Y6H0_AURAN_0;[[0.0, 0, '0']];0.0;0
F0Y7H8_AURAN_0;[[0.0, 0, '0']];0.0;0
U6H456_9EIME_0;[[0.0, 0, '0']];0.0;0
U6LV11_9EIME_0;[[0.0, 0, '0']];0.0;0
U6G3P0_9EIME_0;[[0.0, 0, '0']];0.0;0
V4YV31_TOXGV_0;[[0.0, 0, '0']];0.0;0
B6KHN1_TOXGV_0;[[0.0, 0, '0']];0.0;0
A0A074TG63_HAMHA_0;[[0.0, 0, '0']];0.0;0
A0A074TVE9_HAMHA_0;[[0.0, 0, '0']];0.0;0
A0A0G4EZB0_VITBC_0;[[0.0, 0, '0']];0.0;0
A0A0G4EJS8_VITBC_0;[[0.0, 0, '0']];0.0;0
A0A0G4G617_VITBC_0;[[0.0, 0, '0']];0.0;0
A0A0G4GGA2_VITBC_0;[[0.0, 0, '0']];0.0;0
A0A0G4ENF0_VITBC_0;[[0.0, 0, '0']];0.0;0
A0A0G4F9D8_VITBC_0;[[0.0, 0, '0']];0.0;0
A0A0G4FM83_VITBC_0;[[0.0, 0, '0']];0.0;0
A0A0G4EP95_VITBC_0;[[0.0, 0, '0']];0.0;0
A0A0G4ELX0_VITBC_0;[[0.0, 0, '0']];0.0;0
A0E4E2_PARTE_0;[[0.0, 0, '0']];0.0;0
A0DZL1_PARTE_0;[[0.0, 0, '0']];0.0;0
A0EIS5_PARTE_0;[[0.0, 0, '0']];0.0;0
Q3SE77_PARTE_0;[[0.0, 0, '0']];0.0;0
A0CKD4_PARTE_0;[[0.0, 0, '0']];0.0;0
A0BFX9_PARTE_0;[[0.0, 0, '0']];0.0;0
Q3SE80_PARTE_0;[[0.0, 0, '0']];0.0;0
A0CZW4_PARTE_0;[[0.0, 0, '0']];0.0;0
A0D3E6_PARTE_0;[[0.0, 0, '0']];0.0;0
Q3SE79_PARTE_0;[[0.0, 0, '0']];0.0;0
A0CM74_PARTE_0;[[0.0, 0, '0']];0.0;0
G0QX15_ICHMG_0;[[0.0, 0, '0']];0.0;0
G0QVY6_ICHMG_0;[[0.0, 0, '0']];0.0;0
G0QZH2_ICHMG_0;[[0.0, 0, '0']];0.0;0
G0QUA5_ICHMG_0;[[0.0, 0, '0']];0.0;0
G0QTI4_ICHMG_0;[[0.0, 0, '0']];0.0;0
G0QUX9_ICHMG_0;[[0.0, 0, '0']];0.0;0
G0R0W6_ICHMG_0;[[0.0, 0, '0']];0.0;0
G0QWR3_ICHMG_0;[[0.0, 0, '0']];0.0;0
G0R2D7_ICHMG_0;[[0.0, 0, '0']];0.0;0
Q231T4_TETTS_0;[[0.0, 0, '0']];0.0;0
Q23E95_TETTS_0;[[0.0, 0, '0']];0.0;0
Q22GX0_TETTS_0;[[0.0, 0, '0']];0.0;0
Q241P2_TETTS_0;[[0.0, 0, '0']];0.0;0
I7MIW5_TETTS_0;[[0.0, 0, '0']];0.0;0
Q22BU8_TETTS_0;[[0.0, 0, '0']];0.0;0
I7MA22_TETTS_0;[[0.0, 0, '0']];0.0;0
A0A0V0QP26_PSEPJ_0;[[0.0, 0, '0']];0.0;0
A0A0V0QJ72_PSEPJ_0;[[0.0, 0, '0']];0.0;0
A0A0V0R853_PSEPJ_0;[[0.0, 0, '0']];0.0;0
A0A0V0QWI5_PSEPJ_0;[[0.0, 0, '0']];0.0;0
A0A0V0QQ18_PSEPJ_0;[[0.0, 0, '0']];0.0;0
A0A0V0QLN4_PSEPJ_0;[[0.0, 0, '0']];0.0;0
A0A0V0R9P2_PSEPJ_0;[[0.0, 0, '0']];0.0;0
A0A0V0R4D7_PSEPJ_0;[[0.0, 0, '0']];0.0;0
A0A0V0QEV5_PSEPJ_0;[[0.0, 0, '0']];0.0;0
J9J485_9SPIT_0;[[0.0, 0, '0']];0.0;0
J9EVV2_9SPIT_0;[[0.0, 0, '0']];0.0;0
J9GCY5_9SPIT_0;[[0.0, 0, '0']];0.0;0
J9I0G0_9SPIT_0;[[0.0, 0, '0']];0.0;0
J9HZC4_9SPIT_0;[[0.0, 0, '0']];0.0;0
J9IEJ3_9SPIT_0;[[0.0, 0, '0']];0.0;0
J9IRB0_9SPIT_0;[[0.0, 0, '0']];0.0;0
J9IBN3_9SPIT_0;[[0.0, 0, '0']];0.0;0
J9FWB3_9SPIT_0;[[0.0, 0, '0']];0.0;0
J9FAV5_9SPIT_0;[[0.0, 0, '0']];0.0;0
J9I1Z1_9SPIT_0;[[0.0, 0, '0']];0.0;0
A0A078A8X4_STYLE_0;[[0.0, 0, '0']];0.0;0
A0A078BAX5_STYLE_0;[[0.0, 0, '0']];0.0;0
A0A078AVA6_STYLE_0;[[0.0, 0, '0']];0.0;0
A0A077ZY59_STYLE_0;[[0.0, 0, '0']];0.0;0
A0A078AXW3_STYLE_0;[[0.0, 0, '0']];0.0;0
A0A078ADS2_STYLE_0;[[0.0, 0, '0']];0.0;0
A0A077ZT05_STYLE_0;[[0.0, 0, '0']];0.0;0
A0A078AHS4_STYLE_0;[[0.0, 0, '0']];0.0;0
C5L1U3_PERM5_0;[[0.0, 0, '0']];0.0;0
C5KB09_PERM5_0;[[0.0, 0, '0']];0.0;0
C5K856_PERM5_0;[[0.0, 0, '0']];0.0;0
C5KCZ4_PERM5_0;[[0.0, 0, '0']];0.0;0
C5KJE9_PERM5_0;[[0.0, 0, '0']];0.0;0
C5KIW8_PERM5_0;[[0.0, 0, '0']];0.0;0
C5LN48_PERM5_0;[[0.0, 0, '0']];0.0;0
C5KZJ7_PERM5_0;[[0.0, 0, '0']];0.0;0
C5LJ88_PERM5_0;[[0.0, 0, '0']];0.0;0
C5KS16_PERM5_0;[[0.0, 0, '0']];0.0;0
A0A0G4INI7_PLABS_0;[[0.0, 0, '0']];0.0;0
A0A0G4ITG8_PLABS_0;[[0.0, 0, '0']];0.0;0
A0A0G4J0S8_PLABS_0;[[0.0, 0, '0']];0.0;0
A0A0G4IN17_PLABS_0;[[0.0, 0, '0']];0.0;0
A0A0G4IXU6_PLABS_0;[[0.0, 0, '0']];0.0;0
A0A0G4II64_PLABS_0;[[0.0, 0, '0']];0.0;0
A0A0G4J500_PLABS_0;[[0.0, 0, '0']];0.0;0
A0A0G4ILH0_PLABS_0;[[0.0, 0, '0']];0.0;0
X6NKM2_RETFI_0;[[0.0, 0, '0']];0.0;0
X6MKA7_RETFI_0;[[0.0, 0, '0']];0.0;0
X6MMR6_RETFI_0;[[0.0, 0, '0']];0.0;0
X6NEQ1_RETFI_0;[[0.0, 0, '0']];0.0;0
X6NC44_RETFI_0;[[0.0, 0, '0']];0.0;0
X6NZL0_RETFI_0;[[0.0, 0, '0']];0.0;0
X6MBP4_RETFI_0;[[0.0, 0, '0']];0.0;0
X6MN26_RETFI_0;[[0.0, 0, '0']];0.0;0
L1K4I7_GUITH_0;[[0.0, 0, '0']];0.0;0
L1JKF8_GUITH_0;[[0.0, 0, '0']];0.0;0
L1I8Y1_GUITH_0;[[0.0, 0, '0']];0.0;0
L1J7Q0_GUITH_0;[[0.0, 0, '0']];0.0;0
L1JFP4_GUITH_0;[[0.0, 0, '0']];0.0;0
L1J1T7_GUITH_0;[[0.0, 0, '0']];0.0;0
L1JQ89_GUITH_0;[[0.0, 0, '0']];0.0;0
R1EVH0_EMIHU_0;[[0.0, 0, '0']];0.0;0
R1E0V9_EMIHU_0;[[0.0, 0, '0']];0.0;0
R1D9D6_EMIHU_0;[[0.0, 0, '0']];0.0;0
R1DH87_EMIHU_0;[[0.0, 0, '0']];0.0;0
R1FEM0_EMIHU_0;[[0.0, 0, '0']];0.0;0
V6LK23_9EUKA_0;[[0.0, 0, '0']];0.0;0
V6LQF6_9EUKA_0;[[0.0, 0, '0']];0.0;0
V6LPV3_9EUKA_0;[[0.0, 0, '0']];0.0;0
16.808;0