File;%_similarity;Len_prot
augustus_A0A0G4EJP9_VITBC_1.fasta;0.0;816
augustus_A0A0D9RQB1_CHLSB_2.fasta;0.0;1260
augustus_F6QE09_CIOIN_1.fasta;0.0;0
augustus_IFT74_MOUSE_1.fasta;0.0;0
augustus_V4AJL1_LOTGI_1.fasta;0.0;0
augustus_ARL6_CAEBR_1.fasta;41.04;463
augustus_G3N118_BOVIN_1.fasta;41.04;0
augustus_W4Z211_STRPU_1.fasta;41.04;0
augustus_A0A067RJQ2_ZOONE_2.fasta;41.04;0
augustus_A0A158NPL4_ATTCE_1.fasta;49.06;1335
augustus_F6X3T5_HORSE_2.fasta;49.06;0
augustus_W5NLE0_LEPOC_1.fasta;49.06;0
augustus_A0A096NZB9_PAPAN_1.fasta;36.16;672
augustus_A0A0G4GWT1_VITBC_1.fasta;0.0;760
augustus_G1SEN4_RABIT_1.fasta;38.87;476
augustus_A0A024TEN6_9STRA_1.fasta;11.41;920
augustus_M3WEE9_FELCA_1.fasta;38.07;436
augustus_B3MEQ1_DROAN_1.fasta;38.07;0
augustus_R1DSD8_EMIHU_1.fasta;38.07;0
augustus_F1SGD6_PIG_1.fasta;39.75;1336
augustus_M3YWA6_MUSPF_2.fasta;39.75;0
augustus_B0WXE2_CULQU_1.fasta;39.75;0
augustus_A0A0G4GWT1_VITBC_4.fasta;0.0;649
augustus_W5QAJ5_SHEEP_1.fasta;41.11;1367
augustus_A0A0L0C383_LUCCU_1.fasta;41.11;0
augustus_M3Z132_MUSPF_1.fasta;41.11;0
augustus_A0A0D9RAF2_CHLSB_2.fasta;36.12;1733
augustus_BBS4_HUMAN_1.fasta;36.12;0
augustus_TTC8_CAEEL_1.fasta;46.21;1095
augustus_F1Q1T8_CANLF_4.fasta;35.58;1217
augustus_M3ZLB9_XIPMA_1.fasta;27.74;923
augustus_F1S1T9_PIG_2.fasta;0.0;1228
augustus_A0A096NVI3_PAPAN_1.fasta;40.26;1098
augustus_U3K919_FICAL_1.fasta;40.26;0
augustus_F6Z5Q1_HORSE_2.fasta;40.26;0
augustus_V4B2U3_LOTGI_1.fasta;40.26;0
augustus_B4J7X0_DROGR_1.fasta;40.26;0
augustus_H0XKK6_OTOGA_1.fasta;40.26;0
augustus_F6U8K2_HORSE_1.fasta;40.26;0
augustus_H0WTY6_OTOGA_1.fasta;40.26;0
augustus_F7D8D3_MONDO_1.fasta;40.26;0
augustus_B4JSV3_DROGR_1.fasta;40.26;0
augustus_E1BTY2_CHICK_1.fasta;33.06;977
augustus_E1BHJ5_BOVIN_2.fasta;33.06;0
augustus_A0A0N1PED7_LEPSE_1.fasta;45.97;1066
augustus_H3CW16_TETNG_2.fasta;12.18;813
augustus_G3T4E0_LOXAF_1.fasta;12.18;0
augustus_I3M6W3_ICTTR_1.fasta;43.7;1428
augustus_V4BYG1_LOTGI_1.fasta;43.7;0
augustus_D4A8B1_RAT_2.fasta;36.26;1277
augustus_A0A158P292_ATTCE_1.fasta;18.49;1136
augustus_G1T913_RABIT_1.fasta;41.83;1358
augustus_F1SMI2_PIG_1.fasta;49.17;1326
augustus_FRITZ_HUMAN_3.fasta;49.17;0
augustus_B5DUR3_DROPS_1.fasta;49.17;0
augustus_M3WUV2_FELCA_2.fasta;49.17;0
augustus_A0A0N0P3G2_LEPSE_1.fasta;40.62;453
augustus_A0A096NII1_PAPAN_1.fasta;42.71;1407
augustus_K7FH00_PELSI_1.fasta;44.69;1338
augustus_H2QDI7_PANTR_1.fasta;38.24;1080
augustus_G1PE46_MYOLU_1.fasta;38.24;0
augustus_A0A0W8CGX9_PHYNI_1.fasta;40.38;478
augustus_V9ETD6_PHYPR_1.fasta;40.87;482
augustus_I3MEE1_ICTTR_1.fasta;25.0;1308
augustus_F6SCB7_MACMU_1.fasta;25.0;0
augustus_D2CG54_TRICA_2.fasta;25.6;1168
augustus_W5N3D2_LEPOC_1.fasta;25.6;0
augustus_A0A0L0CC86_LUCCU_1.fasta;25.6;0
augustus_W5K4L0_ASTMX_1.fasta;47.9;618
augustus_A0A0K0JLB3_BRUMA_1.fasta;47.9;0
augustus_A8IYF1_CHLRE_1.fasta;45.17;786
augustus_T1IP28_STRMM_1.fasta;41.0;461
augustus_F6V3X0_CALJA_1.fasta;27.13;247
augustus_A0A0G4IPH3_PLABS_1.fasta;36.36;880
augustus_W6KIA6_9TRYP_1.fasta;46.67;1247
augustus_S9W7J6_9TRYP_1.fasta;46.4;1140
augustus_F6VNP5_XENTR_1.fasta;38.2;1403
augustus_B3S5T1_TRIAD_1.fasta;41.24;1416
augustus_L1JP33_GUITH_1.fasta;41.24;0
augustus_E3LTH5_CAERE_1.fasta;46.17;1096
augustus_A0A067RIH6_ZOONE_1.fasta;46.17;0
augustus_W2R9D6_PHYPN_1.fasta;40.96;459
augustus_W4FS53_9STRA_1.fasta;27.5;1200
augustus_T0RT93_9STRA_2.fasta;0.0;1148
augustus_J9K409_ACYPI_1.fasta;44.98;947
augustus_Q0VCP5_BOVIN_1.fasta;44.98;0
augustus_M3ZSV8_XIPMA_1.fasta;7.08;749
augustus_J9JSR9_ACYPI_1.fasta;39.92;992
augustus_G3T822_LOXAF_1.fasta;39.92;0
augustus_FRITZ_HUMAN_1.fasta;39.92;0
augustus_M3ZTR9_XIPMA_1.fasta;0.0;1098
augustus_G3N7I2_GASAC_1.fasta;22.61;889
augustus_PTHB1_MOUSE_4.fasta;22.61;0
augustus_I3JZ61_ORENI_2.fasta;22.61;0
augustus_F6WZU0_MACMU_1.fasta;22.61;0
augustus_F7DYZ0_HORSE_1.fasta;22.61;0
augustus_BBS5_MOUSE_1.fasta;22.61;0
augustus_D0N9B8_PHYIT_1.fasta;0.0;487
augustus_I3MME5_ICTTR_1.fasta;47.29;1127
augustus_A0A0R4IUZ0_DANRE_1.fasta;47.29;0
augustus_F7F169_ORNAN_1.fasta;47.29;0
augustus_A6QNT9_BOVIN_1.fasta;47.29;0
augustus_A0A0D9QVJ6_CHLSB_1.fasta;32.25;1290
augustus_K3WTZ6_PYTUL_1.fasta;32.25;0
augustus_W4FD87_9STRA_1.fasta;35.7;1143
augustus_W4XN65_STRPU_1.fasta;35.7;0
augustus_H3DMY8_TETNG_4.fasta;3.42;993
augustus_A0A0G4GYZ9_VITBC_3.fasta;0.0;456
augustus_I3KLC5_ORENI_1.fasta;0.0;0
augustus_H0W8L4_CAVPO_1.fasta;0.0;0
augustus_G5A9W7_PHYSP_1.fasta;36.01;547
augustus_G1P887_MYOLU_1.fasta;36.01;0
augustus_H2MRS1_ORYLA_2.fasta;36.01;0
augustus_E2RER8_CANLF_2.fasta;0.0;883
augustus_B7P1L1_IXOSC_1.fasta;0.0;0
augustus_D0MZ16_PHYIT_1.fasta;43.68;1298
augustus_H3CI58_TETNG_3.fasta;12.01;1074
augustus_H3CI58_TETNG_2.fasta;0.0;1005
augustus_A7S5W5_NEMVE_1.fasta;45.15;1216
augustus_A0A158P292_ATTCE_2.fasta;40.38;1538
augustus_A0A0G4IMV6_PLABS_1.fasta;35.16;1186
augustus_H3G905_PHYRM_1.fasta;37.98;1256
augustus_F6ZUB8_MACMU_1.fasta;37.98;0
augustus_G1RZS0_NOMLE_2.fasta;37.98;0
augustus_BBS4_CAEEL_1.fasta;45.88;1007
augustus_A0A0G4EPB7_VITBC_3.fasta;0.0;347
augustus_J9JNX2_ACYPI_1.fasta;46.52;1724
augustus_A0A158NSS3_ATTCE_3.fasta;0.0;587
augustus_A0A0K0JVX7_BRUMA_1.fasta;0.0;0
augustus_I3JZ61_ORENI_1.fasta;0.0;0
augustus_Q295Y8_DROPS_1.fasta;0.0;0
augustus_G3T996_LOXAF_1.fasta;0.0;0
augustus_I3JGE5_ORENI_1.fasta;0.0;0
augustus_G1TL09_RABIT_1.fasta;49.1;1330
augustus_G7PRK5_MACFA_1.fasta;49.1;1330
augustus_G1QUW7_NOMLE_1.fasta;49.1;0
augustus_H0XEP4_OTOGA_1.fasta;49.1;0
augustus_E1BHJ5_BOVIN_1.fasta;49.1;0
augustus_A0A0D9RRT6_CHLSB_1.fasta;37.39;682
augustus_E1BNU6_BOVIN_1.fasta;37.39;0
augustus_F7HEV6_CALJA_1.fasta;47.2;1127
augustus_Q5XIR2_RAT_2.fasta;0.0;1048
augustus_A0A0G4EPB7_VITBC_1.fasta;0.0;376
augustus_G0MEG7_CAEBE_1.fasta;40.95;464
augustus_S9UYL4_9TRYP_1.fasta;40.95;0
augustus_G3P7I9_GASAC_1.fasta;45.6;1274
augustus_F7I023_CALJA_1.fasta;34.62;442
augustus_M3WGL7_FELCA_1.fasta;40.79;1211
augustus_H2PS04_PONAB_2.fasta;40.79;0
augustus_H2V5Z2_TAKRU_2.fasta;40.79;0
augustus_F2UQ70_SALR5_1.fasta;40.79;0
augustus_B4ME19_DROVI_1.fasta;40.79;0
augustus_A0A0D9QYK6_CHLSB_1.fasta;42.68;1408
augustus_Q5XI30_RAT_1.fasta;34.31;991
augustus_M3WUV2_FELCA_1.fasta;34.31;0
augustus_B4KQ20_DROMO_1.fasta;34.31;0
augustus_G1PDK6_MYOLU_1.fasta;34.31;0
augustus_A0A0H5S6V4_BRUMA_1.fasta;34.31;0
augustus_LZTL1_HUMAN_2.fasta;34.31;0
augustus_G3NKQ2_GASAC_1.fasta;46.56;1220
augustus_W6KXN0_9TRYP_1.fasta;46.1;1230
augustus_G1P0F6_MYOLU_1.fasta;46.1;0
augustus_A0A067CLP2_SAPPC_1.fasta;44.57;783
augustus_W6L264_9TRYP_1.fasta;35.61;410
augustus_K3WFZ0_PYTUL_1.fasta;35.61;0
augustus_IFT27_BOVIN_1.fasta;35.61;0
augustus_F7DYZ6_XENTR_1.fasta;45.82;1257
augustus_A0A0G4ILU8_PLABS_1.fasta;45.82;0
augustus_H3GA39_PHYRM_1.fasta;44.67;779
augustus_B3MBX5_DROAN_1.fasta;44.67;0
augustus_G3QI68_GORGO_3.fasta;44.67;0
augustus_G1PTC0_MYOLU_1.fasta;44.67;0
augustus_E9ADL1_LEIMA_1.fasta;40.79;456
augustus_H2P491_PONAB_1.fasta;40.79;0
augustus_S9VIN4_9TRYP_1.fasta;48.44;739
augustus_A0A0G4ILU8_PLABS_2.fasta;48.44;0
augustus_W2Z6I3_PHYPR_1.fasta;40.96;459
augustus_B3RXC9_TRIAD_1.fasta;44.2;1448
augustus_B3M138_DROAN_1.fasta;44.2;0
augustus_W5KI70_ASTMX_3.fasta;32.66;1087
augustus_W5P8L3_SHEEP_2.fasta;22.67;1160
augustus_I3KYV4_ORENI_1.fasta;22.67;0
augustus_G3RQW7_GORGO_1.fasta;22.67;0
augustus_W4GJ56_9STRA_1.fasta;42.67;1392
augustus_W2Q1R0_PHYPN_1.fasta;40.96;481
augustus_D0MY10_PHYIT_1.fasta;47.29;1529
augustus_A8JF99_CHLRE_1.fasta;39.22;459
augustus_E3MCR4_CAERE_1.fasta;40.95;464
augustus_A0A024TR04_9STRA_1.fasta;32.44;1384
augustus_H0WRS7_OTOGA_1.fasta;32.44;0
augustus_D4A8B1_RAT_1.fasta;0.0;700
augustus_A0A078A2X5_STYLE_1.fasta;40.71;452
augustus_F6Z5Q1_HORSE_1.fasta;40.71;0
augustus_W5LYF8_LEPOC_1.fasta;40.71;0
augustus_G1RWH4_NOMLE_1.fasta;40.71;0
augustus_H2Y3Y0_CIOSA_1.fasta;40.71;0
augustus_H2MRS1_ORYLA_1.fasta;40.71;0
augustus_G1LJ46_AILME_3.fasta;12.63;1116
augustus_F6W3B7_ORNAN_1.fasta;12.63;0
augustus_F7IFY6_CALJA_3.fasta;0.0;1206
augustus_A0A0L0HHW9_SPIPN_1.fasta;42.4;1408
augustus_Q7QJD7_ANOGA_1.fasta;42.4;0
augustus_E3LQY5_CAERE_1.fasta;46.87;1340
augustus_G1TLB3_RABIT_1.fasta;36.53;438
augustus_W5M5Q7_LEPOC_1.fasta;36.53;0
augustus_M3XVF5_MUSPF_1.fasta;36.53;0
augustus_F1NGP3_CHICK_1.fasta;41.0;1161
augustus_A0A0M9GA52_9TRYP_1.fasta;49.01;1216
augustus_B4J6Z6_DROGR_1.fasta;49.01;0
augustus_H9GCQ3_ANOCA_1.fasta;49.01;0
augustus_A0A096MTK8_PAPAN_1.fasta;29.25;465
augustus_F2USB8_SALR5_2.fasta;29.25;0
augustus_Q5PR92_DANRE_1.fasta;0.0;491
augustus_IFT27_MOUSE_1.fasta;0.0;0
augustus_H0UV24_CAVPO_4.fasta;0.0;0
augustus_G4ZE33_PHYSP_1.fasta;39.52;1207
augustus_G3NM06_GASAC_1.fasta;48.06;618
augustus_BBS2_HUMAN_1.fasta;48.06;0
augustus_LZTL1_RAT_1.fasta;43.38;687
augustus_V9F0Z3_PHYPR_1.fasta;40.96;459
augustus_L1IIB1_GUITH_1.fasta;40.96;0
augustus_A0BPN5_PARTE_1.fasta;29.92;929
augustus_F7B395_MACMU_1.fasta;29.92;0
augustus_ARL6_BOVIN_1.fasta;29.92;0
augustus_A0A0D9RQV3_CHLSB_1.fasta;37.43;1715
augustus_E0VP97_PEDHC_1.fasta;0.0;1385
augustus_S9W6M0_9TRYP_1.fasta;48.51;738
augustus_H2ZI39_CIOSA_1.fasta;48.51;0
augustus_F7C4T0_CALJA_1.fasta;35.32;1778
augustus_G3QI68_GORGO_1.fasta;35.32;0
augustus_M3ZW06_XIPMA_1.fasta;33.52;883
augustus_H2SDM2_TAKRU_1.fasta;33.52;0
augustus_A0A087YPY0_POEFO_1.fasta;33.52;0
augustus_Q5XIR2_RAT_3.fasta;37.16;1090
augustus_A0A024U1E5_9STRA_1.fasta;37.16;0
augustus_A0A0W8CFM7_PHYNI_1.fasta;44.5;782
augustus_G1KRM1_ANOCA_1.fasta;44.5;0
augustus_A4I446_LEIIN_1.fasta;40.97;454
augustus_M3ZUB6_XIPMA_1.fasta;40.97;0
augustus_D4A4U2_RAT_1.fasta;40.97;0
augustus_A0A067CAA2_SAPPC_1.fasta;0.0;466
augustus_G1R9L0_NOMLE_1.fasta;0.0;0
augustus_F7HDG7_MACMU_1.fasta;0.0;0
augustus_A0A067CA50_SAPPC_1.fasta;0.0;1596
augustus_F6QFV2_MONDO_1.fasta;0.0;0
augustus_F7GJV3_MONDO_1.fasta;0.0;0
augustus_G0NR21_CAEBE_1.fasta;46.89;1335
augustus_W3A5U6_PHYPR_1.fasta;46.89;0
augustus_G4ZI86_PHYSP_1.fasta;46.96;1367
augustus_G1QXS8_NOMLE_1.fasta;46.96;0
augustus_A4I4C4_LEIIN_1.fasta;47.69;1793
augustus_J9K6V4_ACYPI_1.fasta;42.17;747
augustus_H2MKZ4_ORYLA_1.fasta;42.17;0
augustus_M3YV44_MUSPF_1.fasta;42.17;0
augustus_B4QJX6_DROSI_1.fasta;42.17;0
augustus_SDCG8_MOUSE_2.fasta;42.17;0
augustus_A4IDK2_LEIIN_1.fasta;46.09;1074
augustus_W2PT12_PHYPN_1.fasta;45.58;939
augustus_E0VEH7_PEDHC_1.fasta;40.5;674
augustus_LZTL1_MOUSE_1.fasta;40.5;0
augustus_Q5RA46_PONAB_1.fasta;40.5;0
augustus_H2QWG3_PANTR_1.fasta;34.46;444
augustus_I7LWB4_TETTS_1.fasta;46.04;1212
augustus_MKKS_MOUSE_1.fasta;46.04;0
augustus_W5NG86_LEPOC_1.fasta;46.04;0
augustus_PTHB1_MOUSE_2.fasta;46.04;0
augustus_TRI32_MOUSE_1.fasta;46.04;0
augustus_W2Q7F5_PHYPN_1.fasta;44.53;1143
augustus_W5JIE3_ANODA_1.fasta;44.53;0
augustus_B4MRQ8_DROWI_1.fasta;44.53;0
augustus_A0A0W8C8Z9_PHYNI_1.fasta;40.78;461
augustus_E1BKZ3_BOVIN_2.fasta;40.78;0
augustus_D2VIC7_NAEGR_1.fasta;39.68;751
augustus_G3W4X1_SARHA_1.fasta;42.37;1173
augustus_H2QMZ4_PANTR_1.fasta;20.21;470
augustus_H0V4D2_CAVPO_1.fasta;20.21;0
augustus_F6UN54_ORNAN_1.fasta;20.21;0
augustus_F6Y677_CIOIN_1.fasta;20.21;0
augustus_G1M0S6_AILME_1.fasta;48.06;620
augustus_E1BN34_BOVIN_2.fasta;48.06;0
augustus_ARL6_DANRE_1.fasta;38.75;480
augustus_S9WLZ2_9TRYP_1.fasta;45.34;1224
augustus_G1SII1_RABIT_1.fasta;43.36;1220
augustus_G4ZW31_PHYSP_1.fasta;44.67;779
augustus_G1MMT5_AILME_1.fasta;49.1;1334
augustus_W4FRY5_9STRA_1.fasta;34.71;435
augustus_E1BKZ3_BOVIN_1.fasta;34.71;0
augustus_G3WC39_SARHA_1.fasta;47.18;1473
augustus_K1P4M1_CRAGI_1.fasta;46.16;1081
augustus_H2MHH5_ORYLA_1.fasta;46.16;0
augustus_H0UU32_CAVPO_1.fasta;46.16;0
augustus_A4HN90_LEIBR_1.fasta;49.05;1215
augustus_W4H8Z6_9STRA_1.fasta;42.41;764
augustus_T0QGA8_9STRA_1.fasta;31.0;471
augustus_V9F6J5_PHYPR_1.fasta;44.53;1143
augustus_B3RRG2_TRIAD_1.fasta;44.89;1713
augustus_E1BHJ5_BOVIN_3.fasta;44.89;0
augustus_A0A139WED1_TRICA_1.fasta;23.19;677
augustus_BBS4_MOUSE_1.fasta;23.19;0
augustus_A0A096NEP7_PAPAN_1.fasta;26.25;400
augustus_G1QNZ0_NOMLE_1.fasta;26.25;0
augustus_G3N7I2_GASAC_3.fasta;30.4;1000
augustus_B4I3T5_DROSE_1.fasta;30.4;0
augustus_G1T9Q2_RABIT_1.fasta;41.2;1034
augustus_A0A024GPP5_9STRA_1.fasta;31.83;399
augustus_A0A0D9RAF2_CHLSB_1.fasta;0.0;895
augustus_G5C795_HETGA_1.fasta;45.02;1437
augustus_PTHB1_MOUSE_1.fasta;45.02;0
augustus_D2A192_TRICA_1.fasta;47.31;1524
augustus_A0A0N1I7W9_LEPSE_1.fasta;47.6;1773
augustus_A6QLF9_BOVIN_1.fasta;47.6;0
augustus_A0A077ZNG4_STYLE_1.fasta;42.26;1034
augustus_G3QXK4_GORGO_1.fasta;42.26;0
augustus_I3NHG2_ICTTR_1.fasta;45.86;1267
augustus_B4GR41_DROPE_1.fasta;45.86;0
augustus_H0V1I4_CAVPO_1.fasta;45.86;0
augustus_B3RJT2_TRIAD_1.fasta;43.71;1050
augustus_F7CJR6_HORSE_1.fasta;43.71;0
augustus_B4HV21_DROSE_1.fasta;43.71;0
augustus_A0A096P4T0_PAPAN_1.fasta;38.28;1079
augustus_A0A0L0CIR6_LUCCU_1.fasta;38.28;0
augustus_G1P9Y3_MYOLU_1.fasta;38.28;0
augustus_E2R962_CANLF_1.fasta;47.38;1125
augustus_G3RIZ2_GORGO_1.fasta;47.38;0
augustus_M3YBL1_MUSPF_1.fasta;47.38;0
augustus_Q66H90_RAT_1.fasta;46.57;1488
augustus_H2P7R4_PONAB_1.fasta;46.57;0
augustus_G4YN09_PHYSP_1.fasta;44.02;911
augustus_A0A0G4GYZ9_VITBC_1.fasta;6.71;611
augustus_H3D688_TETNG_1.fasta;46.3;1486
augustus_A0A044R639_ONCVO_1.fasta;46.3;0
augustus_I3LB57_PIG_1.fasta;34.91;1223
augustus_A0A061IYK7_TRYRA_1.fasta;44.92;837
augustus_J9K271_ACYPI_1.fasta;47.31;1526
augustus_A0A024UWM1_9STRA_1.fasta;47.31;0
augustus_G1K9Z0_ANOCA_1.fasta;47.31;0
augustus_F2USB8_SALR5_1.fasta;47.31;0
augustus_H2PE85_PONAB_1.fasta;47.31;0
augustus_T1L460_TETUR_1.fasta;47.31;0
augustus_G3T3M9_LOXAF_1.fasta;47.31;0
augustus_G3TIP0_LOXAF_1.fasta;47.31;0
augustus_A0A0G2JUD0_RAT_2.fasta;47.31;0
augustus_MKS1_MOUSE_1.fasta;47.31;0
augustus_G1RDU8_NOMLE_1.fasta;47.31;0
augustus_Q17LJ5_AEDAE_1.fasta;44.66;777
augustus_A4IIF7_XENTR_1.fasta;45.64;1422
augustus_F6QF28_MONDO_1.fasta;45.64;0
augustus_F6QP01_XENTR_1.fasta;0.0;1006
augustus_F1MU26_BOVIN_1.fasta;0.0;0
augustus_CH037_RAT_1.fasta;39.33;478
augustus_F6WBK6_CIOIN_3.fasta;39.33;0
augustus_G3PRP6_GASAC_1.fasta;37.18;476
augustus_K7FIS9_PELSI_1.fasta;25.27;926
augustus_G7PUF5_MACFA_1.fasta;25.27;0
augustus_A0A0G4EFJ8_VITBC_1.fasta;1.9;578
augustus_A0A078B9U9_STYLE_1.fasta;1.9;0
augustus_F6TP16_MONDO_1.fasta;1.9;0
augustus_I3MMH3_ICTTR_1.fasta;36.53;1177
augustus_F7C228_XENTR_1.fasta;0.0;1200
augustus_F6XU90_ORNAN_1.fasta;0.0;0
augustus_G5E7D8_LOXAF_1.fasta;0.0;0
augustus_A0A061J9B9_TRYRA_1.fasta;46.27;1247
augustus_H2PQU8_PONAB_1.fasta;46.27;0
augustus_G1NSC2_MYOLU_1.fasta;46.27;0
augustus_L1IPS2_GUITH_1.fasta;46.27;0
augustus_G1TZP3_RABIT_3.fasta;6.44;1072
augustus_H2T0R0_TAKRU_1.fasta;6.44;0
augustus_H3ACN3_LATCH_1.fasta;45.31;384
augustus_H9GC07_ANOCA_1.fasta;45.31;0
augustus_H3DN21_TETNG_1.fasta;46.89;1429
augustus_F1N626_BOVIN_1.fasta;46.89;0
augustus_W5MZI7_LEPOC_1.fasta;46.89;0
augustus_E2RQA6_CANLF_1.fasta;37.84;1295
augustus_A0A0S4JJZ6_BODSA_1.fasta;37.84;0
augustus_MKS1_HUMAN_1.fasta;37.84;0
augustus_F7IFY6_CALJA_1.fasta;40.63;1457
augustus_D6WSV9_TRICA_1.fasta;46.72;1511
augustus_H0V587_CAVPO_1.fasta;46.72;0
augustus_F7EGS4_MACMU_1.fasta;46.72;0
augustus_BBIP1_NEMVE_1.fasta;31.42;226
augustus_G3QXT9_GORGO_1.fasta;31.42;0
augustus_F6XCD9_CANLF_1.fasta;24.93;1444
augustus_H3B555_LATCH_1.fasta;44.49;1452
augustus_S9VEE0_9TRYP_1.fasta;35.29;408
augustus_G1SF71_RABIT_1.fasta;43.43;1271
augustus_B4H6Z9_DROPE_1.fasta;43.43;0
augustus_H3CI58_TETNG_1.fasta;35.37;1784
augustus_H0XPD1_OTOGA_1.fasta;35.37;0
augustus_U3JXB3_FICAL_1.fasta;35.37;0
augustus_G3WV05_SARHA_1.fasta;37.5;1056
augustus_I3MEE1_ICTTR_2.fasta;6.29;1065
augustus_F1Q1T8_CANLF_2.fasta;0.0;930
augustus_A1ZBK9_DROME_1.fasta;0.0;0
augustus_BBS1_HUMAN_1.fasta;0.0;0
augustus_MKKS_HUMAN_1.fasta;0.0;0
augustus_H2QB48_PANTR_1.fasta;42.78;1405
augustus_A0A067QKD4_ZOONE_1.fasta;42.78;0
augustus_W2RGR2_PHYPN_1.fasta;44.62;780
augustus_T0Q4Q9_9STRA_1.fasta;29.94;865
augustus_G1SZG9_RABIT_1.fasta;0.0;877
augustus_H2ZZ55_LATCH_1.fasta;46.04;1479
augustus_A0A024TA76_9STRA_1.fasta;27.99;1029
augustus_A0A067C533_SAPPC_1.fasta;26.93;906
augustus_V9EXZ9_PHYPR_1.fasta;47.25;1530
augustus_F6UB70_HORSE_1.fasta;47.25;0
augustus_W4H8Z6_9STRA_2.fasta;0.0;731
augustus_G1KMJ2_ANOCA_1.fasta;0.0;0
augustus_F2TWK2_SALR5_2.fasta;13.51;718
augustus_BBS7_HUMAN_1.fasta;13.51;0
augustus_M3YWA6_MUSPF_3.fasta;13.51;0
augustus_Q66H79_RAT_1.fasta;49.25;1330
augustus_F7IDY9_CALJA_1.fasta;43.32;1332
augustus_A0A0D9RQB1_CHLSB_1.fasta;28.92;1224
augustus_Q4E2P4_TRYCC_1.fasta;44.99;829
augustus_F7FNJ0_MACMU_1.fasta;44.99;0
augustus_D2I2K1_AILME_1.fasta;46.47;1203
augustus_T1JMT6_STRMM_1.fasta;46.67;1260
augustus_A0A0G4EJP9_VITBC_4.fasta;0.0;607
augustus_G3QMT8_GORGO_1.fasta;0.0;0
augustus_F6WBK6_CIOIN_2.fasta;0.0;0
augustus_T0QML0_9STRA_2.fasta;25.76;1324
augustus_B4MJU3_DROWI_1.fasta;25.76;0
augustus_Q4E4D8_TRYCC_1.fasta;46.07;1057
augustus_G3SHD1_GORGO_1.fasta;46.07;0
augustus_W5PYR9_SHEEP_1.fasta;39.36;1316
augustus_PTHB1_HUMAN_1.fasta;39.36;0
augustus_Q7PUL7_ANOGA_1.fasta;39.36;0
augustus_W2ZMB5_PHYPR_1.fasta;47.34;1580
augustus_F6X3T5_HORSE_1.fasta;47.34;0
augustus_H2QQ46_PANTR_1.fasta;32.16;1169
augustus_Q4Q1J3_LEIMA_1.fasta;46.13;1073
augustus_K2MXI1_TRYCR_1.fasta;44.94;830
augustus_W6KG70_9TRYP_1.fasta;46.27;1100
augustus_BBS5_HUMAN_1.fasta;46.27;0
augustus_F6VW47_MACMU_1.fasta;46.27;0
augustus_F6Q1R3_CALJA_2.fasta;0.0;887
augustus_M3XWM7_MUSPF_1.fasta;0.0;0
augustus_F1Q6W8_DANRE_1.fasta;46.48;1491
augustus_B3S0W6_TRIAD_1.fasta;40.64;1095
augustus_T1JYJ2_TETUR_1.fasta;40.64;0
augustus_G3TCL0_LOXAF_1.fasta;40.64;0
augustus_G5C8Q6_HETGA_1.fasta;34.47;673
augustus_F7IFY6_CALJA_5.fasta;0.0;1078
augustus_G7NZ67_MACFA_1.fasta;19.13;392
augustus_H9JGR5_BOMMO_1.fasta;19.13;0
augustus_B4GIM8_DROPE_1.fasta;19.13;0
augustus_A2D7W2_TRIVA_1.fasta;45.4;903
augustus_B4QJX6_DROSI_2.fasta;45.4;0
augustus_F7I0U0_CALJA_1.fasta;45.4;0
augustus_E1BXI4_CHICK_1.fasta;43.67;1296
augustus_F6VTH6_ORNAN_1.fasta;43.67;0
augustus_A0A0J9Y8J7_BRUMA_1.fasta;43.67;0
augustus_Q22CC3_TETTS_1.fasta;34.41;773
augustus_A0A067R1E4_ZOONE_1.fasta;34.41;0
augustus_W5KI70_ASTMX_1.fasta;22.05;880
augustus_G3S2X3_GORGO_1.fasta;22.05;0
augustus_G1KMV6_ANOCA_1.fasta;22.05;0
augustus_A3QK09_DANRE_1.fasta;44.94;1166
augustus_BBS1_CAEEL_1.fasta;46.64;1235
augustus_G4YJY9_PHYSP_1.fasta;48.05;1490
augustus_U3JY08_FICAL_3.fasta;48.05;0
augustus_W2Z9A3_PHYPR_1.fasta;44.53;1143
augustus_G1TZP3_RABIT_5.fasta;0.0;1011
augustus_BBIP1_HUMAN_1.fasta;0.0;0
augustus_G1LHM7_AILME_1.fasta;33.78;1270
augustus_F6VLT6_CALJA_1.fasta;25.27;376
augustus_H0UV24_CAVPO_2.fasta;25.27;0
augustus_H3CFW0_TETNG_2.fasta;0.0;917
augustus_G3NXV8_GASAC_1.fasta;43.85;1049
augustus_M3Z5I9_MUSPF_1.fasta;43.85;0
augustus_A0A087YN04_POEFO_1.fasta;43.85;0
augustus_FRITZ_HUMAN_2.fasta;43.85;0
augustus_W5Q7L6_SHEEP_1.fasta;27.14;420
augustus_K7G526_PELSI_2.fasta;0.0;869
augustus_M3YWA6_MUSPF_1.fasta;0.0;0
augustus_H3CFW0_TETNG_1.fasta;10.83;877
augustus_W5P7J1_SHEEP_1.fasta;42.98;1203
augustus_U3K4J7_FICAL_1.fasta;42.98;0
augustus_I3JUU0_ORENI_1.fasta;42.98;0
augustus_G3STK5_LOXAF_1.fasta;42.98;0
augustus_D2UXT8_NAEGR_1.fasta;42.98;0
augustus_V5BJR9_TRYCR_1.fasta;44.94;830
augustus_K3WPT3_PYTUL_1.fasta;44.94;0
augustus_G3NNG6_GASAC_1.fasta;38.88;697
augustus_E2RTL3_CANLF_1.fasta;48.07;622
augustus_Q28WS1_DROPS_1.fasta;48.07;0
augustus_H3DHP5_TETNG_1.fasta;37.17;686
augustus_SDCG8_MOUSE_1.fasta;37.17;0
augustus_W5KEJ5_ASTMX_1.fasta;42.35;739
augustus_E0V980_PEDHC_1.fasta;49.24;1456
augustus_G3WMP3_SARHA_1.fasta;47.55;1062
augustus_I3MFB6_ICTTR_1.fasta;28.6;1112
augustus_Q4DW95_TRYCC_1.fasta;49.27;1567
augustus_B0X8D9_CULQU_1.fasta;49.27;0
augustus_H0WVV6_OTOGA_1.fasta;49.27;0
augustus_E1BTY2_CHICK_2.fasta;0.0;724
augustus_G1TZP3_RABIT_4.fasta;0.0;1094
augustus_PTHB1_MOUSE_5.fasta;0.0;0
augustus_M3X7G4_FELCA_2.fasta;0.0;953
augustus_A0A024TXS0_9STRA_1.fasta;18.32;382
augustus_A0A0G4EJP9_VITBC_3.fasta;9.26;691
augustus_Q4E5P7_TRYCC_1.fasta;44.99;829
augustus_F6ZUJ5_CALJA_1.fasta;44.99;0
augustus_K1RU52_CRAGI_1.fasta;44.99;0
augustus_H0XKK6_OTOGA_2.fasta;44.99;0
augustus_A0A067R100_ZOONE_1.fasta;44.99;0
augustus_D2HVB4_AILME_1.fasta;38.87;476
augustus_H0UV24_CAVPO_1.fasta;38.87;0
augustus_H3CW16_TETNG_1.fasta;34.92;1071
augustus_A8HWI3_CHLRE_1.fasta;48.35;728
augustus_W5PIK1_SHEEP_1.fasta;41.27;722
augustus_M3WA02_FELCA_1.fasta;44.51;1447
augustus_V3Z105_LOTGI_1.fasta;44.51;0
augustus_B3RIN7_TRIAD_1.fasta;22.11;389
augustus_V3ZX09_LOTGI_1.fasta;22.11;0
augustus_ARL6_CAEEL_1.fasta;41.04;463
augustus_A2FQ75_TRIVA_1.fasta;46.58;1213
augustus_BBS4_BOVIN_1.fasta;46.58;0
augustus_T0RY96_9STRA_1.fasta;34.99;1306
augustus_J9K5Q8_ACYPI_1.fasta;47.86;608
augustus_IFT74_HUMAN_1.fasta;47.86;0
augustus_A0A0R4IUZ0_DANRE_2.fasta;47.86;0
augustus_A0A0G4GWT1_VITBC_3.fasta;0.0;917
augustus_G3QWF1_GORGO_1.fasta;0.0;0
augustus_A9V1S9_MONBE_1.fasta;0.0;0
augustus_G1TGM5_RABIT_1.fasta;30.63;444
augustus_U3JJ17_FICAL_1.fasta;30.63;0
augustus_F6YBY1_CALJA_1.fasta;33.23;1240
augustus_A0A044VD16_ONCVO_1.fasta;33.23;0
augustus_U3JY08_FICAL_1.fasta;33.23;0
augustus_A0A0D9RBM3_CHLSB_1.fasta;28.67;1395
augustus_T0QVK2_9STRA_1.fasta;6.7;1238
augustus_IFT27_HUMAN_1.fasta;6.7;0
augustus_B3M8B7_DROAN_1.fasta;6.7;0
augustus_Q4CTS4_TRYCC_1.fasta;40.67;450
augustus_H3DMY8_TETNG_2.fasta;34.31;1440
augustus_G3T581_LOXAF_1.fasta;34.31;0
augustus_W5N2B1_LEPOC_1.fasta;34.31;0
augustus_G0MCB1_CAEBE_1.fasta;43.59;1654
augustus_A0A0W8CBQ8_PHYNI_1.fasta;44.42;1146
augustus_I3MEL8_ICTTR_1.fasta;37.48;1286
augustus_M3YWA6_MUSPF_4.fasta;37.48;0
augustus_T1ELR8_HELRO_1.fasta;37.48;0
augustus_W5P8L3_SHEEP_3.fasta;0.0;891
augustus_E7EXH4_DANRE_1.fasta;46.32;1140
augustus_F6TJD2_ORNAN_1.fasta;46.32;0
augustus_L1JV64_GUITH_1.fasta;46.32;0
augustus_W5L586_ASTMX_1.fasta;46.08;1096
augustus_G3QI68_GORGO_2.fasta;46.08;0
augustus_W4FD55_9STRA_1.fasta;38.26;1001
augustus_H2YLQ2_CIOSA_1.fasta;38.26;0
augustus_B4HPG5_DROSE_1.fasta;38.26;0
augustus_F6QX88_CIOIN_1.fasta;38.26;0
augustus_F6Q1R3_CALJA_3.fasta;28.52;880
augustus_F6Q1R3_CALJA_1.fasta;16.47;753
augustus_F2TWH2_SALR5_2.fasta;0.0;931
augustus_F6RFR4_HORSE_1.fasta;0.0;0
augustus_H2N1F5_ORYLA_1.fasta;0.0;0
augustus_IFT27_CHLRE_1.fasta;41.55;491
augustus_A2F554_TRIVA_1.fasta;41.05;458
augustus_H2QMG1_PANTR_2.fasta;43.71;684
augustus_G1TZP3_RABIT_2.fasta;23.55;1346
augustus_H0X8S4_OTOGA_1.fasta;23.55;0
augustus_G4VC35_SCHMA_1.fasta;35.89;326
augustus_V9FJ70_PHYPR_1.fasta;47.37;1579
augustus_D0N5X0_PHYIT_1.fasta;44.67;779
augustus_M3W6J9_FELCA_1.fasta;48.06;618
augustus_A0A061J2T5_TRYRA_1.fasta;47.35;1586
augustus_B3S9A2_TRIAD_1.fasta;36.34;421
augustus_G3W852_SARHA_1.fasta;42.71;1407
augustus_BBS2_RAT_1.fasta;36.04;1254
augustus_BBS12_HUMAN_1.fasta;36.04;0
augustus_H0UVR3_CAVPO_1.fasta;36.04;0
augustus_E2R1C7_CANLF_1.fasta;49.21;1449
augustus_A0A078AXX6_STYLE_1.fasta;35.05;562
augustus_CH037_MOUSE_1.fasta;35.05;0
augustus_E9AFP5_LEIMA_1.fasta;49.01;1208
augustus_I3NAS8_ICTTR_1.fasta;33.54;492
augustus_E2RRS0_CANLF_1.fasta;36.45;439
augustus_Q3SCY0_PARTE_1.fasta;44.29;736
augustus_T0R6X7_9STRA_1.fasta;44.74;780
augustus_I3JVB4_ORENI_1.fasta;44.74;0
augustus_Q5XIR2_RAT_1.fasta;22.32;878
augustus_I3NC55_ICTTR_1.fasta;32.45;416
augustus_J9JV08_ACYPI_1.fasta;38.54;1855
augustus_G5BWY4_HETGA_1.fasta;45.63;1271
augustus_B4M537_DROVI_1.fasta;45.63;0
augustus_V9EKV4_PHYPR_1.fasta;45.53;940
augustus_G1S2T2_NOMLE_1.fasta;45.53;0
augustus_B0W2W7_CULQU_1.fasta;45.53;0
augustus_A0A0R4IL45_DANRE_1.fasta;46.99;1411
augustus_F1SP83_PIG_1.fasta;42.49;1191
augustus_G3PWM5_GASAC_1.fasta;46.41;1506
augustus_ARL6_HUMAN_1.fasta;46.41;0
augustus_I3K8F9_ORENI_1.fasta;46.41;0
augustus_J3QMK2_MOUSE_1.fasta;46.41;0
augustus_H0VBK0_CAVPO_1.fasta;46.41;0
augustus_B1WC73_RAT_1.fasta;36.11;432
augustus_W5P8L3_SHEEP_1.fasta;22.49;978
augustus_A0A158NSS3_ATTCE_1.fasta;0.0;516
augustus_E2RER8_CANLF_1.fasta;41.01;1346
augustus_A0A0N1IJK5_LEPSE_1.fasta;48.93;1210
augustus_T1HSF8_RHOPR_1.fasta;48.93;0
augustus_A0A0S4KLB5_BODSA_1.fasta;48.93;0
augustus_I3IZ50_ORENI_1.fasta;48.93;0
augustus_M3ZCM3_NOMLE_1.fasta;48.93;0
augustus_G7PDY7_MACFA_1.fasta;23.91;230
augustus_A0A024UWM1_9STRA_2.fasta;23.91;0
augustus_A8WJB5_CAEBR_1.fasta;38.12;724
augustus_A9V1S9_MONBE_2.fasta;38.12;0
augustus_A2E557_TRIVA_1.fasta;46.23;1088
augustus_G1TDC1_RABIT_1.fasta;42.27;1417
augustus_W2YZ86_PHYPR_1.fasta;40.96;481
augustus_E1BKZ3_BOVIN_3.fasta;40.96;0
augustus_F1SDY6_PIG_1.fasta;40.86;996
augustus_B4LHK4_DROVI_1.fasta;40.86;0
augustus_W5J3R5_ANODA_1.fasta;40.86;0
augustus_G3WML8_SARHA_1.fasta;46.85;1381
augustus_W5MN19_LEPOC_1.fasta;46.85;0
augustus_W4YZF5_STRPU_1.fasta;46.85;0
augustus_A0A024U1E5_9STRA_2.fasta;46.85;0
augustus_G3QKV3_GORGO_1.fasta;46.85;0
augustus_S9U239_9TRYP_1.fasta;46.85;0
augustus_A2DWY6_TRIVA_1.fasta;41.76;510
augustus_A0A096NMN0_PAPAN_1.fasta;39.24;994
augustus_BBS5_CAEEL_1.fasta;44.84;805
augustus_F7AHJ9_HORSE_1.fasta;44.84;0
augustus_A0A0D9R0X9_CHLSB_1.fasta;22.89;415
augustus_A4IBV8_LEIIN_1.fasta;49.01;1210
augustus_B0X734_CULQU_1.fasta;49.01;0
augustus_D3ZYF7_RAT_1.fasta;32.19;1162
augustus_D6WTY1_TRICA_1.fasta;45.65;966
augustus_G5AEZ3_PHYSP_1.fasta;45.72;1249
augustus_B4MK78_DROWI_1.fasta;45.72;0
augustus_IFT74_MOUSE_2.fasta;45.72;0
augustus_A0A024G9H8_9STRA_1.fasta;45.88;1105
augustus_A0A0M9G1C6_9TRYP_1.fasta;46.16;1094
augustus_G4ZRE7_PHYSP_1.fasta;40.87;460
augustus_Q3V3N7_MOUSE_1.fasta;40.87;0
augustus_H2N0J6_ORYLA_1.fasta;40.87;0
augustus_D2CG54_TRICA_1.fasta;0.0;1075
augustus_H0XMN1_OTOGA_1.fasta;0.0;0
augustus_B4H6C3_DROPE_1.fasta;0.0;0
augustus_H3GVL7_PHYRM_1.fasta;47.26;1534
augustus_F1PG88_CANLF_1.fasta;0.0;382
augustus_F7E5E6_ORNAN_1.fasta;0.0;0
augustus_A0A087YHA2_POEFO_1.fasta;0.0;0
augustus_G3TR76_LOXAF_1.fasta;0.0;0
augustus_B4KRF7_DROMO_1.fasta;0.0;0
augustus_B1WBT5_RAT_1.fasta;47.51;1004
augustus_A4HH17_LEIBR_1.fasta;40.88;455
augustus_F6PJY2_HORSE_1.fasta;40.88;0
augustus_F6XYK3_HORSE_1.fasta;40.88;0
augustus_G1KSD3_ANOCA_1.fasta;40.88;0
augustus_A0A0L0S8P6_ALLMA_1.fasta;0.0;601
augustus_F7IFY6_CALJA_2.fasta;0.0;1200
augustus_F6SNQ4_MONDO_1.fasta;0.0;0
augustus_K7GGB8_PELSI_1.fasta;45.56;1115
augustus_H2M9T7_ORYLA_1.fasta;45.56;0
augustus_H2QX35_PANTR_1.fasta;45.07;1247
augustus_H0WCG0_CAVPO_1.fasta;45.07;0
augustus_H3DMY8_TETNG_3.fasta;0.0;959
augustus_B7YZM8_DROME_1.fasta;0.0;0
augustus_W2YQ45_PHYPR_1.fasta;45.58;939
augustus_G7PC93_MACFA_1.fasta;26.38;398
augustus_M3WSX8_FELCA_1.fasta;42.48;1177
augustus_H2V5Z2_TAKRU_3.fasta;42.48;0
augustus_A0A067RJQ2_ZOONE_1.fasta;42.48;0
augustus_V4AFV8_LOTGI_1.fasta;42.48;0
augustus_A0A0G4ITJ7_PLABS_1.fasta;0.0;405
augustus_A0A0L0D1H0_THETB_1.fasta;46.18;1217
augustus_B4MMM3_DROWI_1.fasta;46.18;0
augustus_G1LSZ3_AILME_1.fasta;34.07;455
augustus_H3B9Z9_LATCH_1.fasta;32.55;427
augustus_G3W269_SARHA_1.fasta;38.42;708
augustus_G3T3V8_LOXAF_1.fasta;38.42;0
augustus_M3YWX4_MUSPF_1.fasta;38.42;0
augustus_BBS2_MOUSE_1.fasta;38.42;0
augustus_H2N391_PONAB_1.fasta;38.42;0
augustus_U3KGN2_FICAL_1.fasta;38.42;0
augustus_I3MVI4_ICTTR_1.fasta;46.38;1408
augustus_W5PKU2_SHEEP_1.fasta;46.38;0
augustus_A0A0D9S9I9_CHLSB_1.fasta;49.06;1331
augustus_H3CFW0_TETNG_3.fasta;35.02;1065
augustus_A0A158NSS3_ATTCE_4.fasta;0.0;829
augustus_A0A0S4JE34_BODSA_1.fasta;0.0;0
augustus_K7G526_PELSI_1.fasta;33.69;1309
augustus_G3W6A7_SARHA_1.fasta;24.98;1073
augustus_W4FL04_9STRA_1.fasta;30.17;464
augustus_G3Q0Q9_GASAC_1.fasta;31.6;519
augustus_B3RWQ3_TRIAD_1.fasta;40.0;445
augustus_F6VUS1_ORNAN_1.fasta;40.0;0
augustus_A0A096MMY7_PAPAN_1.fasta;44.87;1248
augustus_V9F4S6_PHYPR_1.fasta;46.94;1357
augustus_G1TZP3_RABIT_1.fasta;13.26;1131
augustus_F6SS62_MONDO_1.fasta;13.26;0
augustus_G3RBR0_GORGO_1.fasta;13.26;0
augustus_G1LXJ6_AILME_1.fasta;43.8;1210
augustus_F1SNZ1_PIG_1.fasta;41.65;653
augustus_H2NBL0_PONAB_1.fasta;41.65;0
augustus_T0PXD2_9STRA_1.fasta;3.85;1143
augustus_K1R468_CRAGI_1.fasta;32.03;462
augustus_B4GFI4_DROPE_1.fasta;32.03;0
augustus_F1RRP3_PIG_1.fasta;43.86;1165
augustus_Q16XJ9_AEDAE_1.fasta;47.35;1565
augustus_F6PQ94_CIOIN_1.fasta;47.35;0
augustus_B2RZ48_RAT_1.fasta;35.21;676
augustus_A0A0D9QUM7_CHLSB_1.fasta;35.21;0
augustus_A0A096NE45_PAPAN_1.fasta;49.1;1330
augustus_BBS7_CAEEL_1.fasta;48.94;1459
augustus_T1FZD8_HELRO_1.fasta;48.94;0
augustus_F7B2E3_MACMU_1.fasta;48.94;0
augustus_F6S5R5_HORSE_1.fasta;48.94;0
augustus_F7G484_MACMU_1.fasta;48.94;0
augustus_H0WSU0_OTOGA_1.fasta;48.94;0
augustus_A0A0G4GYZ9_VITBC_2.fasta;7.26;647
augustus_F2UQ70_SALR5_2.fasta;7.26;0
augustus_Q23PP7_TETTS_1.fasta;46.41;1491
augustus_A0A0H5S235_BRUMA_1.fasta;46.41;0
augustus_H0Y2B1_OTOGA_1.fasta;46.41;0
augustus_H0X602_OTOGA_1.fasta;46.41;0
augustus_Q4R679_MACFA_1.fasta;30.72;1302
augustus_H2ZYI3_LATCH_1.fasta;46.84;1375
augustus_A0A0M9G178_9TRYP_1.fasta;40.8;451
augustus_A0A067RE41_ZOONE_1.fasta;40.8;0
augustus_W2ZBK5_PHYPR_1.fasta;46.91;1358
augustus_V5B464_TRYCR_1.fasta;49.09;1212
augustus_G3S2G4_GORGO_1.fasta;49.09;0
augustus_G1S9G6_NOMLE_1.fasta;49.09;0
augustus_F2TWH2_SALR5_1.fasta;0.0;1221
augustus_F6ZBL6_MACMU_1.fasta;0.0;0
augustus_K2MWH7_TRYCR_1.fasta;49.01;1216
augustus_IFT74_HUMAN_2.fasta;49.01;0
augustus_B4F765_RAT_1.fasta;31.24;429
augustus_H3D829_TETNG_1.fasta;47.33;617
augustus_F6XCD9_CANLF_2.fasta;12.6;1127
augustus_A0A067C4C7_SAPPC_1.fasta;30.39;1178
augustus_F1Q1T8_CANLF_3.fasta;0.0;964
augustus_B4IZI2_DROGR_1.fasta;0.0;0
augustus_H3CQC7_TETNG_1.fasta;44.71;1210
augustus_U3JY08_FICAL_2.fasta;44.71;0
augustus_A0A158NSS3_ATTCE_2.fasta;0.0;527
augustus_G1QY66_NOMLE_1.fasta;0.0;0
augustus_CH037_BOVIN_1.fasta;0.0;0
augustus_G3VZE0_SARHA_1.fasta;37.41;433
augustus_E2RIJ8_CANLF_1.fasta;49.01;1210
augustus_W5P6M8_SHEEP_1.fasta;38.95;475
augustus_K1PS22_CRAGI_1.fasta;31.91;235
augustus_A0A0D9R018_CHLSB_1.fasta;41.52;997
augustus_BBS10_HUMAN_1.fasta;41.52;0
augustus_G3SQS4_LOXAF_1.fasta;41.52;0
augustus_T1HX26_RHOPR_1.fasta;41.52;0
augustus_G1SIY1_RABIT_1.fasta;43.75;1424
augustus_TRI32_HUMAN_1.fasta;43.75;0
augustus_A0A0G4IR91_PLABS_1.fasta;0.0;945
augustus_D0MT71_PHYIT_1.fasta;45.49;1119
augustus_Q4E4V4_TRYCC_1.fasta;46.69;1255
augustus_F6UBH2_MONDO_1.fasta;46.69;0
augustus_H2ZXI1_LATCH_1.fasta;43.8;1105
augustus_T1J8I6_STRMM_1.fasta;49.05;1211
augustus_G1ME56_AILME_1.fasta;43.03;1571
augustus_PTHB1_MOUSE_3.fasta;43.03;0
augustus_W5LDX9_ASTMX_1.fasta;45.05;384
augustus_D0NIV2_PHYIT_1.fasta;46.08;1376
augustus_BBS2_HUMAN_2.fasta;46.08;0
augustus_BBS12_MOUSE_1.fasta;46.08;0
augustus_F4PDD1_BATDJ_1.fasta;23.78;328
augustus_K2NW30_TRYCR_1.fasta;47.41;1603
augustus_S9UWW3_9TRYP_1.fasta;47.41;0
augustus_F1SBK4_PIG_1.fasta;47.03;1127
augustus_Q3SCX0_PARTE_1.fasta;44.29;736
augustus_A0A158NS39_ATTCE_1.fasta;31.74;230
augustus_H2V9K1_TAKRU_1.fasta;31.74;0
augustus_H2QXS4_PANTR_1.fasta;49.1;1330
augustus_D0MXK6_PHYIT_1.fasta;45.52;938
augustus_K3X3B3_PYTUL_1.fasta;45.52;0
augustus_E1C569_CHICK_1.fasta;38.49;691
augustus_H2QMG1_PANTR_1.fasta;0.0;769
augustus_A0A024TR25_9STRA_1.fasta;5.53;1536
augustus_T1JH94_STRMM_1.fasta;42.68;827
augustus_K3X2Y2_PYTUL_1.fasta;42.68;0
augustus_F6PM46_HORSE_1.fasta;42.68;0
augustus_B4QVM9_DROSI_1.fasta;42.68;0
augustus_F6WBK6_CIOIN_1.fasta;42.68;0
augustus_G1SQG3_RABIT_1.fasta;36.34;1252
augustus_F6TJ94_HORSE_1.fasta;36.34;0
augustus_M3Y3G7_MUSPF_2.fasta;36.34;0
augustus_V9G0L5_PHYPR_1.fasta;44.67;779
augustus_W5MMG5_LEPOC_1.fasta;44.67;0
augustus_BBS7_MOUSE_1.fasta;44.67;0
augustus_F6V1R0_HORSE_1.fasta;44.67;0
augustus_G4YHC7_PHYSP_1.fasta;47.27;1536
augustus_W2Z3I6_PHYPR_1.fasta;47.29;1529
augustus_A4HP97_LEIBR_1.fasta;46.11;1067
augustus_M3W9S7_FELCA_1.fasta;37.58;950
augustus_W4G1M5_9STRA_1.fasta;31.27;550
augustus_B4HN35_DROSE_1.fasta;31.27;0
augustus_Q9I7P3_DROME_1.fasta;31.27;0
augustus_F7AEK0_CALJA_1.fasta;35.78;436
augustus_I3KSH0_ORENI_1.fasta;35.78;0
augustus_Q4DFM2_TRYCC_1.fasta;49.01;1214
augustus_F6QM11_MONDO_1.fasta;49.01;0
augustus_H2MAJ8_ORYLA_1.fasta;49.01;0
augustus_E1BN34_BOVIN_1.fasta;49.01;0
augustus_W4GJ33_9STRA_1.fasta;46.22;1389
augustus_T0QML0_9STRA_1.fasta;0.0;864
augustus_IFT74_MOUSE_3.fasta;0.0;0
augustus_SDCG8_HUMAN_1.fasta;0.0;0
augustus_S9UZY7_9TRYP_1.fasta;0.0;0
augustus_H3CVL6_TETNG_1.fasta;33.42;404
augustus_LZTL1_BOVIN_1.fasta;33.42;0
augustus_B4J623_DROGR_1.fasta;33.42;0
augustus_T0RT93_9STRA_1.fasta;0.0;818
augustus_A0A067BYM3_SAPPC_1.fasta;0.0;499
augustus_I3JZ61_ORENI_3.fasta;0.0;0
augustus_B3RPI2_TRIAD_1.fasta;39.24;706
augustus_A0A0D9R698_CHLSB_1.fasta;38.07;436
augustus_B3MGG0_DROAN_1.fasta;38.07;0
augustus_H9GKS6_ANOCA_1.fasta;38.07;0
augustus_F7EGS4_MACMU_2.fasta;38.07;0
augustus_D2VQK4_NAEGR_1.fasta;46.48;1450
augustus_G1SYD7_RABIT_1.fasta;46.51;1202
augustus_F7IFY6_CALJA_4.fasta;9.26;896
augustus_H0WUW2_OTOGA_1.fasta;9.26;0
augustus_G3WH06_SARHA_1.fasta;38.98;449
augustus_A0A0G2JUD0_RAT_1.fasta;38.98;0
augustus_M3YV76_MUSPF_1.fasta;38.98;0
augustus_B3DFT2_DANRE_1.fasta;47.1;1225
augustus_A0A0G4EJP9_VITBC_2.fasta;0.0;673
augustus_G3SW34_LOXAF_1.fasta;0.0;0
augustus_A0A087Y1G8_POEFO_1.fasta;0.0;0
augustus_K7J1K7_NASVI_1.fasta;39.97;598
augustus_A4HH78_LEIBR_1.fasta;47.69;1799
augustus_H2RJL3_TAKRU_1.fasta;47.69;0
augustus_MKKS_PONAB_1.fasta;47.69;0
augustus_A0A0L0S0V9_ALLMA_1.fasta;21.18;576
augustus_F1Q1T8_CANLF_1.fasta;0.0;923
augustus_K1PBA9_CRAGI_1.fasta;40.87;460
augustus_TTC8_HUMAN_1.fasta;40.87;0
augustus_K2NS17_TRYCR_1.fasta;46.69;1255
augustus_A0A044U854_ONCVO_1.fasta;46.69;0
augustus_Q2M0T4_DROPS_1.fasta;46.69;0
augustus_T0RDB9_9STRA_1.fasta;0.0;441
augustus_V5DCK5_TRYCR_1.fasta;46.03;1058
augustus_H2M9T7_ORYLA_2.fasta;46.03;0
augustus_W2QE22_PHYPN_1.fasta;47.37;1579
augustus_LZTL1_HUMAN_1.fasta;47.37;0
augustus_J9I6B1_9SPIT_1.fasta;43.5;1092
augustus_F2TWK2_SALR5_3.fasta;0.0;704
augustus_BBS4_DROME_1.fasta;0.0;0
augustus_K7FLU5_PELSI_1.fasta;0.0;0
augustus_F6WD17_ORNAN_1.fasta;0.0;0
augustus_H2V5Z2_TAKRU_1.fasta;0.0;0
augustus_H2T1G8_TAKRU_1.fasta;0.0;0
augustus_H2PT77_PONAB_1.fasta;0.0;0
augustus_F6TJ94_HORSE_2.fasta;0.0;0
augustus_H3BHT8_LATCH_1.fasta;45.39;1236
augustus_F2TWK2_SALR5_1.fasta;0.0;718
augustus_K7F055_PELSI_1.fasta;47.02;1376
augustus_CH037_HUMAN_1.fasta;47.02;0
augustus_F6YCR4_HORSE_1.fasta;47.02;0
augustus_W5PWU8_SHEEP_1.fasta;47.02;0
augustus_W5KI70_ASTMX_2.fasta;0.0;948
augustus_A0A0M9GAT6_9TRYP_1.fasta;48.97;1209
augustus_E2RG29_CANLF_1.fasta;43.15;1205
augustus_B4KCS8_DROMO_1.fasta;43.15;0
augustus_D0NEL4_PHYIT_1.fasta;37.61;468
augustus_H2PS04_PONAB_1.fasta;37.61;0
augustus_A0A0D9RJ69_CHLSB_1.fasta;26.25;400
augustus_B3RQQ8_TRIAD_1.fasta;34.32;606
augustus_J9I6R2_9SPIT_1.fasta;46.71;1248
augustus_F1PG88_CANLF_2.fasta;37.9;438
augustus_A0A024G196_9STRA_1.fasta;40.52;886
augustus_D6WZ82_TRICA_1.fasta;46.7;1259
augustus_F4PEA0_BATDJ_1.fasta;42.69;1307
augustus_H2NNP4_PONAB_1.fasta;42.69;0
augustus_M3X7G4_FELCA_1.fasta;38.62;1300
augustus_Q4D092_TRYCC_1.fasta;40.85;448
augustus_H3DGV8_TETNG_1.fasta;41.9;1124
augustus_V3ZY76_LOTGI_1.fasta;41.9;0
augustus_G3QYJ9_GORGO_1.fasta;41.9;0
augustus_W5JPA7_ANODA_1.fasta;41.9;0
augustus_BBIP1_DANRE_1.fasta;25.79;221
augustus_BBS5_DANRE_1.fasta;44.59;767
augustus_D2HN50_AILME_1.fasta;34.97;1224
augustus_H2QUE8_PANTR_1.fasta;34.97;0
augustus_A0A0N0P3E7_LEPSE_1.fasta;48.97;1217
augustus_F6QM11_MONDO_2.fasta;48.97;0
augustus_LZTL1_PONAB_1.fasta;48.97;0
augustus_K2MSG2_TRYCR_1.fasta;48.78;982
augustus_G1KX11_ANOCA_1.fasta;48.78;0
augustus_A0A061J9H1_TRYRA_1.fasta;45.8;1000
augustus_H2NCR2_PONAB_1.fasta;45.8;0
augustus_F6UTK2_ORNAN_1.fasta;45.8;0
augustus_F1N4X0_BOVIN_1.fasta;45.8;0
augustus_F1NGP6_CHICK_1.fasta;48.9;1088
augustus_G1LJ46_AILME_2.fasta;26.06;1362
augustus_G3QRG0_GORGO_1.fasta;26.06;0
augustus_W4Y9Z5_STRPU_1.fasta;26.06;0
augustus_V5DUI8_TRYCR_1.fasta;26.06;0
augustus_F6RWY1_CIOIN_1.fasta;26.06;0
augustus_A2EQS9_TRIVA_1.fasta;47.34;1580
augustus_W2Q403_PHYPN_1.fasta;47.32;1528
augustus_Q4D247_TRYCC_1.fasta;47.73;1496
augustus_A0A0G4EPB7_VITBC_2.fasta;0.0;412
augustus_H2MJA1_ORYLA_1.fasta;0.0;0
augustus_A0A0D9R7I6_CHLSB_1.fasta;43.76;1291
augustus_G3N7I2_GASAC_2.fasta;0.0;980
augustus_M3YMG3_MUSPF_1.fasta;0.0;0
augustus_H2T229_TAKRU_1.fasta;0.0;0
augustus_Q5PR92_DANRE_2.fasta;20.18;337
augustus_G1LJ46_AILME_1.fasta;13.04;1127
augustus_M3Y3G7_MUSPF_1.fasta;13.04;0
augustus_M4AFV4_XIPMA_1.fasta;0.0;971
augustus_G1RZS0_NOMLE_1.fasta;0.0;0
augustus_A2DE41_TRIVA_1.fasta;46.19;1089
augustus_V5BKF4_TRYCR_1.fasta;47.38;1602
augustus_H0UV24_CAVPO_3.fasta;47.38;0
augustus_G1SYN3_RABIT_1.fasta;48.07;622
augustus_A0A096MWX4_PAPAN_1.fasta;35.23;1161
augustus_E2RKK7_CANLF_1.fasta;49.02;1332
augustus_A0A067CXS2_SAPPC_1.fasta;0.0;1436
augustus_H3DMY8_TETNG_1.fasta;13.07;941
augustus_L1JA00_GUITH_1.fasta;13.07;0
augustus_E9HBN7_DAPPU_1.fasta;13.07;0
augustus_K7J2H3_NASVI_1.fasta;45.58;1481
augustus_H9GPW5_ANOCA_1.fasta;45.58;0
augustus_B4KME7_DROMO_1.fasta;45.58;0
augustus_G3SY59_LOXAF_1.fasta;45.58;0
augustus_K7JBG2_NASVI_1.fasta;43.27;1174
augustus_W4Z3R7_STRPU_1.fasta;43.27;0
augustus_U3KJC2_FICAL_1.fasta;43.27;0
augustus_BBS2_DANRE_1.fasta;49.21;1453
augustus_H3AVK0_LATCH_1.fasta;44.81;665
augustus_G1LVU0_AILME_1.fasta;44.81;0
augustus_F7HY94_CALJA_1.fasta;32.36;1091
augustus_A0A158NUR8_ATTCE_1.fasta;32.36;0
augustus_E3LSA6_CAERE_1.fasta;45.83;1008
augustus_A0A0G4GWT1_VITBC_2.fasta;0.0;809
augustus_F1S1T9_PIG_1.fasta;44.49;1434
augustus_A0A0V0R577_PSEPJ_1.fasta;43.86;944
augustus_D0MSD3_PHYIT_1.fasta;45.6;1568
augustus_I3JQB2_ORENI_1.fasta;45.6;0
augustus_H2QQ41_PANTR_0.fasta;0.0;0
augustus_H2RCJ0_PANTR_0.fasta;0.0;0
augustus_H2R6Z7_PANTR_0.fasta;0.0;0
augustus_H2Q1F4_PANTR_0.fasta;0.0;0
augustus_G2HEF9_PANTR_0.fasta;0.0;0
augustus_H2Q6I5_PANTR_0.fasta;0.0;0
augustus_H2Q8R7_PANTR_0.fasta;0.0;0
augustus_H2R2S2_PANTR_0.fasta;0.0;0
augustus_H2QJY8_PANTR_0.fasta;0.0;0
augustus_G3SKE1_GORGO_0.fasta;0.0;0
augustus_G3R8E0_GORGO_0.fasta;0.0;0
augustus_G3QRU9_GORGO_0.fasta;0.0;0
augustus_H2P625_PONAB_0.fasta;0.0;0
augustus_H2PME6_PONAB_0.fasta;0.0;0
augustus_H2NVE1_PONAB_0.fasta;0.0;0
augustus_H2NQY4_PONAB_0.fasta;0.0;0
augustus_G1RV53_NOMLE_0.fasta;0.0;0
augustus_G1R2E6_NOMLE_0.fasta;0.0;0
augustus_G1RFG0_NOMLE_0.fasta;0.0;0
augustus_A0A0D9QYN2_CHLSB_0.fasta;0.0;0
augustus_A0A0D9RUP7_CHLSB_0.fasta;0.0;0
augustus_A0A0D9RGH8_CHLSB_0.fasta;0.0;0
augustus_A0A0D9S9R9_CHLSB_0.fasta;0.0;0
augustus_A0A0D9RN20_CHLSB_0.fasta;0.0;0
augustus_A0A0D9RMF9_CHLSB_0.fasta;0.0;0
augustus_G7PB52_MACFA_0.fasta;0.0;0
augustus_F7H279_MACMU_0.fasta;0.0;0
augustus_F7H903_MACMU_0.fasta;0.0;0
augustus_F6Q0A8_MACMU_0.fasta;0.0;0
augustus_F6SUK4_MACMU_0.fasta;0.0;0
augustus_F6XYF5_MACMU_0.fasta;0.0;0
augustus_A0A096N3B0_PAPAN_0.fasta;0.0;0
augustus_A0A096MVJ7_PAPAN_0.fasta;0.0;0
augustus_A0A096MNW8_PAPAN_0.fasta;0.0;0
augustus_A0A096N1F4_PAPAN_0.fasta;0.0;0
augustus_A0A096NA64_PAPAN_0.fasta;0.0;0
augustus_A0A096N6U1_PAPAN_0.fasta;0.0;0
augustus_A0A096P1E7_PAPAN_0.fasta;0.0;0
augustus_H9KX96_CALJA_0.fasta;0.0;0
augustus_F6W3E7_CALJA_0.fasta;0.0;0
augustus_F7C208_CALJA_0.fasta;0.0;0
augustus_F7FJH7_CALJA_0.fasta;0.0;0
augustus_H0WJQ5_OTOGA_0.fasta;0.0;0
augustus_H0WSU7_OTOGA_0.fasta;0.0;0
augustus_H0WG94_OTOGA_0.fasta;0.0;0
augustus_H0XFB0_OTOGA_0.fasta;0.0;0
augustus_H0XTE1_OTOGA_0.fasta;0.0;0
augustus_H0WGM3_OTOGA_0.fasta;0.0;0
augustus_H0XC64_OTOGA_0.fasta;0.0;0
augustus_TTC8_MOUSE_0.fasta;0.0;0
augustus_FRITZ_MOUSE_0.fasta;0.0;0
augustus_BBS10_MOUSE_0.fasta;0.0;0
augustus_B1H296_RAT_0.fasta;0.0;0
augustus_A0A0G2JT03_RAT_0.fasta;0.0;0
augustus_F1M285_RAT_0.fasta;0.0;0
augustus_H0VTI3_CAVPO_0.fasta;0.0;0
augustus_H0VYD3_CAVPO_0.fasta;0.0;0
augustus_H0VMP6_CAVPO_0.fasta;0.0;0
augustus_H0V4N5_CAVPO_0.fasta;0.0;0
augustus_H0UUH7_CAVPO_0.fasta;0.0;0
augustus_I3MZR6_ICTTR_0.fasta;0.0;0
augustus_I3MIT5_ICTTR_0.fasta;0.0;0
augustus_I3MKN1_ICTTR_0.fasta;0.0;0
augustus_I3M370_ICTTR_0.fasta;0.0;0
augustus_I3MYC6_ICTTR_0.fasta;0.0;0
augustus_I3MKM9_ICTTR_0.fasta;0.0;0
augustus_I3MFS4_ICTTR_0.fasta;0.0;0
augustus_G1U012_RABIT_0.fasta;0.0;0
augustus_G1TAG0_RABIT_0.fasta;0.0;0
augustus_G1TUK9_RABIT_0.fasta;0.0;0
augustus_E2RRL8_CANLF_0.fasta;0.0;0
augustus_J9NVH9_CANLF_0.fasta;0.0;0
augustus_J9NXG5_CANLF_0.fasta;0.0;0
augustus_F1PMK6_CANLF_0.fasta;0.0;0
augustus_J9P3I0_CANLF_0.fasta;0.0;0
augustus_E2REN6_CANLF_0.fasta;0.0;0
augustus_F1PG86_CANLF_0.fasta;0.0;0
augustus_G1LGY7_AILME_0.fasta;0.0;0
augustus_G1LG10_AILME_0.fasta;0.0;0
augustus_G1LAF1_AILME_0.fasta;0.0;0
augustus_G1LFS2_AILME_0.fasta;0.0;0
augustus_G1L489_AILME_0.fasta;0.0;0
augustus_G1LIU7_AILME_0.fasta;0.0;0
augustus_G1M4X8_AILME_0.fasta;0.0;0
augustus_G1LRW4_AILME_0.fasta;0.0;0
augustus_M3Y536_MUSPF_0.fasta;0.0;0
augustus_M3Y9W2_MUSPF_0.fasta;0.0;0
augustus_M3XU97_MUSPF_0.fasta;0.0;0
augustus_M3Y2I1_MUSPF_0.fasta;0.0;0
augustus_M3Z0E8_MUSPF_0.fasta;0.0;0
augustus_M3Z4U9_MUSPF_0.fasta;0.0;0
augustus_M3Z1A1_MUSPF_0.fasta;0.0;0
augustus_M3WE70_FELCA_0.fasta;0.0;0
augustus_M3WH89_FELCA_0.fasta;0.0;0
augustus_M3WRS6_FELCA_0.fasta;0.0;0
augustus_M3XFE7_FELCA_0.fasta;0.0;0
augustus_M3WKW0_FELCA_0.fasta;0.0;0
augustus_M3W6A3_FELCA_0.fasta;0.0;0
augustus_G3N2W1_BOVIN_0.fasta;0.0;0
augustus_E1B8R8_BOVIN_0.fasta;0.0;0
augustus_A6QQN3_BOVIN_0.fasta;0.0;0
augustus_F1MB52_BOVIN_0.fasta;0.0;0
augustus_W5QCC4_SHEEP_0.fasta;0.0;0
augustus_W5P852_SHEEP_0.fasta;0.0;0
augustus_W5P769_SHEEP_0.fasta;0.0;0
augustus_W5PZP5_SHEEP_0.fasta;0.0;0
augustus_W5NZN3_SHEEP_0.fasta;0.0;0
augustus_W5NZH1_SHEEP_0.fasta;0.0;0
augustus_W5PLE6_SHEEP_0.fasta;0.0;0
augustus_W5QCF0_SHEEP_0.fasta;0.0;0
augustus_W5QFP5_SHEEP_0.fasta;0.0;0
augustus_I3LT30_PIG_0.fasta;0.0;0
augustus_F1SKJ7_PIG_0.fasta;0.0;0
augustus_I3L6U7_PIG_0.fasta;0.0;0
augustus_I3LAV0_PIG_0.fasta;0.0;0
augustus_F1SI91_PIG_0.fasta;0.0;0
augustus_I3LJG1_PIG_0.fasta;0.0;0
augustus_G1PT86_MYOLU_0.fasta;0.0;0
augustus_G1NSP1_MYOLU_0.fasta;0.0;0
augustus_G1PPI5_MYOLU_0.fasta;0.0;0
augustus_G1Q6T8_MYOLU_0.fasta;0.0;0
augustus_G1QEW9_MYOLU_0.fasta;0.0;0
augustus_G1P3P7_MYOLU_0.fasta;0.0;0
augustus_G1PY40_MYOLU_0.fasta;0.0;0
augustus_L7N1T4_MYOLU_0.fasta;0.0;0
augustus_G1NXM3_MYOLU_0.fasta;0.0;0
augustus_G1PSK0_MYOLU_0.fasta;0.0;0
augustus_G1NWH7_MYOLU_0.fasta;0.0;0
augustus_F7CR52_HORSE_0.fasta;0.0;0
augustus_F6TUH0_HORSE_0.fasta;0.0;0
augustus_F7CDR8_HORSE_0.fasta;0.0;0
augustus_F7BTA0_HORSE_0.fasta;0.0;0
augustus_F7A6Y6_HORSE_0.fasta;0.0;0
augustus_G3THW0_LOXAF_0.fasta;0.0;0
augustus_G3SS75_LOXAF_0.fasta;0.0;0
augustus_G3SRN0_LOXAF_0.fasta;0.0;0
augustus_G3UNS7_LOXAF_0.fasta;0.0;0
augustus_G3SZ68_LOXAF_0.fasta;0.0;0
augustus_F6PNT7_MONDO_0.fasta;0.0;0
augustus_F7DMU6_MONDO_0.fasta;0.0;0
augustus_F6YN29_MONDO_0.fasta;0.0;0
augustus_F7FJJ6_MONDO_0.fasta;0.0;0
augustus_F7AYF5_MONDO_0.fasta;0.0;0
augustus_F7G4A0_MONDO_0.fasta;0.0;0
augustus_F6PP46_MONDO_0.fasta;0.0;0
augustus_F6QAP7_MONDO_0.fasta;0.0;0
augustus_F6QMY3_MONDO_0.fasta;0.0;0
augustus_F7E4F6_MONDO_0.fasta;0.0;0
augustus_G3VLR7_SARHA_0.fasta;0.0;0
augustus_G3VFI2_SARHA_0.fasta;0.0;0
augustus_G3WF86_SARHA_0.fasta;0.0;0
augustus_G3VZE5_SARHA_0.fasta;0.0;0
augustus_G3W779_SARHA_0.fasta;0.0;0
augustus_G3VFR9_SARHA_0.fasta;0.0;0
augustus_G3VHQ8_SARHA_0.fasta;0.0;0
augustus_G3WG80_SARHA_0.fasta;0.0;0
augustus_F6RJ94_ORNAN_0.fasta;0.0;0
augustus_F7EQ74_ORNAN_0.fasta;0.0;0
augustus_K7EE43_ORNAN_0.fasta;0.0;0
augustus_F7CW87_ORNAN_0.fasta;0.0;0
augustus_F7DBP5_ORNAN_0.fasta;0.0;0
augustus_F7DK17_ORNAN_0.fasta;0.0;0
augustus_F6YTD1_ORNAN_0.fasta;0.0;0
augustus_F6Z899_ORNAN_0.fasta;0.0;0
augustus_F6UML6_ORNAN_0.fasta;0.0;0
augustus_F1NQI6_CHICK_0.fasta;0.0;0
augustus_E1BR95_CHICK_0.fasta;0.0;0
augustus_E1C4G5_CHICK_0.fasta;0.0;0
augustus_U3JYK5_FICAL_0.fasta;0.0;0
augustus_U3KK29_FICAL_0.fasta;0.0;0
augustus_U3JG05_FICAL_0.fasta;0.0;0
augustus_U3K0T5_FICAL_0.fasta;0.0;0
augustus_U3KA66_FICAL_0.fasta;0.0;0
augustus_U3KCY4_FICAL_0.fasta;0.0;0
augustus_U3KEX1_FICAL_0.fasta;0.0;0
augustus_U3JJ66_FICAL_0.fasta;0.0;0
augustus_U3K0J7_FICAL_0.fasta;0.0;0
augustus_U3JSU8_FICAL_0.fasta;0.0;0
augustus_K7G672_PELSI_0.fasta;0.0;0
augustus_K7FNG7_PELSI_0.fasta;0.0;0
augustus_K7FZ59_PELSI_0.fasta;0.0;0
augustus_K7GB82_PELSI_0.fasta;0.0;0
augustus_K7FSX8_PELSI_0.fasta;0.0;0
augustus_K7FRV5_PELSI_0.fasta;0.0;0
augustus_K7FSV7_PELSI_0.fasta;0.0;0
augustus_K7FCT6_PELSI_0.fasta;0.0;0
augustus_K7FS03_PELSI_0.fasta;0.0;0
augustus_K7GB43_PELSI_0.fasta;0.0;0
augustus_K7FYE3_PELSI_0.fasta;0.0;0
augustus_K7FBG2_PELSI_0.fasta;0.0;0
augustus_K7F525_PELSI_0.fasta;0.0;0
augustus_G1KY06_ANOCA_0.fasta;0.0;0
augustus_R4G9X7_ANOCA_0.fasta;0.0;0
augustus_G1KIP3_ANOCA_0.fasta;0.0;0
augustus_H9GBY2_ANOCA_0.fasta;0.0;0
augustus_G1KIJ0_ANOCA_0.fasta;0.0;0
augustus_G1KEQ2_ANOCA_0.fasta;0.0;0
augustus_G1KJQ1_ANOCA_0.fasta;0.0;0
augustus_H9GG47_ANOCA_0.fasta;0.0;0
augustus_F7EKI0_XENTR_0.fasta;0.0;0
augustus_F6YUF2_XENTR_0.fasta;0.0;0
augustus_F6WSP0_XENTR_0.fasta;0.0;0
augustus_F7C4T1_XENTR_0.fasta;0.0;0
augustus_F6SBB9_XENTR_0.fasta;0.0;0
augustus_F6R3H8_XENTR_0.fasta;0.0;0
augustus_B1H1F4_XENTR_0.fasta;0.0;0
augustus_F6UU75_XENTR_0.fasta;0.0;0
augustus_F6PTH6_XENTR_0.fasta;0.0;0
augustus_F6X9Y0_XENTR_0.fasta;0.0;0
augustus_F7EC15_XENTR_0.fasta;0.0;0
augustus_F6QTI8_XENTR_0.fasta;0.0;0
augustus_F6WII2_XENTR_0.fasta;0.0;0
augustus_H2ZVG5_LATCH_0.fasta;0.0;0
augustus_M3XIP9_LATCH_0.fasta;0.0;0
augustus_H3ACW2_LATCH_0.fasta;0.0;0
augustus_H2ZWW4_LATCH_0.fasta;0.0;0
augustus_H3B2R5_LATCH_0.fasta;0.0;0
augustus_H3A6Z7_LATCH_0.fasta;0.0;0
augustus_M3XJC5_LATCH_0.fasta;0.0;0
augustus_H3AAI8_LATCH_0.fasta;0.0;0
augustus_H2ZVT4_LATCH_0.fasta;0.0;0
augustus_H3AX78_LATCH_0.fasta;0.0;0
augustus_M3XJ38_LATCH_0.fasta;0.0;0
augustus_W5NE82_LEPOC_0.fasta;0.0;0
augustus_W5M4M4_LEPOC_0.fasta;0.0;0
augustus_W5NHG3_LEPOC_0.fasta;0.0;0
augustus_W5MNX0_LEPOC_0.fasta;0.0;0
augustus_W5NGP4_LEPOC_0.fasta;0.0;0
augustus_W5MWL7_LEPOC_0.fasta;0.0;0
augustus_W5M3R4_LEPOC_0.fasta;0.0;0
augustus_W5M3Q4_LEPOC_0.fasta;0.0;0
augustus_W5NCP5_LEPOC_0.fasta;0.0;0
augustus_W5M531_LEPOC_0.fasta;0.0;0
augustus_W5MWM9_LEPOC_0.fasta;0.0;0
augustus_E7EZE3_DANRE_0.fasta;0.0;0
augustus_F1QBF1_DANRE_0.fasta;0.0;0
augustus_E7F6E0_DANRE_0.fasta;0.0;0
augustus_A0A140TAU3_DANRE_0.fasta;0.0;0
augustus_F1Q9F8_DANRE_0.fasta;0.0;0
augustus_A0A0R4IXP1_DANRE_0.fasta;0.0;0
augustus_F1QCQ8_DANRE_0.fasta;0.0;0
augustus_E7F9Q9_DANRE_0.fasta;0.0;0
augustus_W5LLH1_ASTMX_0.fasta;0.0;0
augustus_W5K9G7_ASTMX_0.fasta;0.0;0
augustus_W5LJ82_ASTMX_0.fasta;0.0;0
augustus_W5K6A8_ASTMX_0.fasta;0.0;0
augustus_W5KIU0_ASTMX_0.fasta;0.0;0
augustus_W5K849_ASTMX_0.fasta;0.0;0
augustus_W5L0U3_ASTMX_0.fasta;0.0;0
augustus_W5LRM0_ASTMX_0.fasta;0.0;0
augustus_W5KAP8_ASTMX_0.fasta;0.0;0
augustus_I3IWV9_ORENI_0.fasta;0.0;0
augustus_I3J4U2_ORENI_0.fasta;0.0;0
augustus_I3KHB5_ORENI_0.fasta;0.0;0
augustus_I3JHX4_ORENI_0.fasta;0.0;0
augustus_I3KYQ8_ORENI_0.fasta;0.0;0
augustus_I3JEC7_ORENI_0.fasta;0.0;0
augustus_I3KCZ4_ORENI_0.fasta;0.0;0
augustus_I3IYL8_ORENI_0.fasta;0.0;0
augustus_I3KWC4_ORENI_0.fasta;0.0;0
augustus_I3IYB2_ORENI_0.fasta;0.0;0
augustus_A0A087YC70_POEFO_0.fasta;0.0;0
augustus_A0A087YB91_POEFO_0.fasta;0.0;0
augustus_A0A087YNL7_POEFO_0.fasta;0.0;0
augustus_A0A087XH33_POEFO_0.fasta;0.0;0
augustus_A0A087XEK6_POEFO_0.fasta;0.0;0
augustus_A0A087XBC5_POEFO_0.fasta;0.0;0
augustus_A0A096LWM2_POEFO_0.fasta;0.0;0
augustus_A0A087X8G3_POEFO_0.fasta;0.0;0
augustus_A0A087Y3I8_POEFO_0.fasta;0.0;0
augustus_A0A096M5A9_POEFO_0.fasta;0.0;0
augustus_A0A087X6C9_POEFO_0.fasta;0.0;0
augustus_A0A087XEB7_POEFO_0.fasta;0.0;0
augustus_A0A087XRS7_POEFO_0.fasta;0.0;0
augustus_A0A087YK02_POEFO_0.fasta;0.0;0
augustus_A0A096LYQ5_POEFO_0.fasta;0.0;0
augustus_M4AKC5_XIPMA_0.fasta;0.0;0
augustus_M3ZIL2_XIPMA_0.fasta;0.0;0
augustus_M3ZXJ0_XIPMA_0.fasta;0.0;0
augustus_M4AG44_XIPMA_0.fasta;0.0;0
augustus_M3ZUZ2_XIPMA_0.fasta;0.0;0
augustus_M4A7P2_XIPMA_0.fasta;0.0;0
augustus_M3ZHU5_XIPMA_0.fasta;0.0;0
augustus_M4AUX9_XIPMA_0.fasta;0.0;0
augustus_M4AZY0_XIPMA_0.fasta;0.0;0
augustus_H2LGU6_ORYLA_0.fasta;0.0;0
augustus_H2MPC6_ORYLA_0.fasta;0.0;0
augustus_H2L842_ORYLA_0.fasta;0.0;0
augustus_H2M4X9_ORYLA_0.fasta;0.0;0
augustus_H2TTM2_TAKRU_0.fasta;0.0;0
augustus_H2SZY5_TAKRU_0.fasta;0.0;0
augustus_H2RV16_TAKRU_0.fasta;0.0;0
augustus_H3CYE9_TETNG_0.fasta;0.0;0
augustus_H3D6A2_TETNG_0.fasta;0.0;0
augustus_H3CWU4_TETNG_0.fasta;0.0;0
augustus_H3CPV7_TETNG_0.fasta;0.0;0
augustus_G3PIC2_GASAC_0.fasta;0.0;0
augustus_G3PXZ6_GASAC_0.fasta;0.0;0
augustus_G3PWT5_GASAC_0.fasta;0.0;0
augustus_G3PWE1_GASAC_0.fasta;0.0;0
augustus_G3QC31_GASAC_0.fasta;0.0;0
augustus_G3PLE4_GASAC_0.fasta;0.0;0
augustus_G3P8N2_GASAC_0.fasta;0.0;0
augustus_F6T0X5_CIOIN_0.fasta;0.0;0
augustus_F6ZZ65_CIOIN_0.fasta;0.0;0
augustus_F6YHN3_CIOIN_0.fasta;0.0;0
augustus_F6RDQ7_CIOIN_0.fasta;0.0;0
augustus_H2XR31_CIOIN_0.fasta;0.0;0
augustus_H2XNP6_CIOIN_0.fasta;0.0;0
augustus_F6V8F4_CIOIN_0.fasta;0.0;0
augustus_H2Y5K1_CIOSA_0.fasta;0.0;0
augustus_H2YNN2_CIOSA_0.fasta;0.0;0
augustus_H2ZEB0_CIOSA_0.fasta;0.0;0
augustus_H2Z2Z3_CIOSA_0.fasta;0.0;0
augustus_H2YKL4_CIOSA_0.fasta;0.0;0
augustus_H2ZFB3_CIOSA_0.fasta;0.0;0
augustus_H2YQF5_CIOSA_0.fasta;0.0;0
augustus_H2YY40_CIOSA_0.fasta;0.0;0
augustus_H2Y718_CIOSA_0.fasta;0.0;0
augustus_W4XP81_STRPU_0.fasta;0.0;0
augustus_W4YQA9_STRPU_0.fasta;0.0;0
augustus_W4XAM9_STRPU_0.fasta;0.0;0
augustus_W4YNQ9_STRPU_0.fasta;0.0;0
augustus_W4YMR2_STRPU_0.fasta;0.0;0
augustus_W4XPH5_STRPU_0.fasta;0.0;0
augustus_W4Z8E6_STRPU_0.fasta;0.0;0
augustus_W4XFB5_STRPU_0.fasta;0.0;0
augustus_W4XLR8_STRPU_0.fasta;0.0;0
augustus_W4XAU7_STRPU_0.fasta;0.0;0
augustus_W4Y6U2_STRPU_0.fasta;0.0;0
augustus_W4YQE9_STRPU_0.fasta;0.0;0
augustus_W4XKH6_STRPU_0.fasta;0.0;0
augustus_W4YRA4_STRPU_0.fasta;0.0;0
augustus_W4YSB1_STRPU_0.fasta;0.0;0
augustus_T1EK87_HELRO_0.fasta;0.0;0
augustus_T1FT46_HELRO_0.fasta;0.0;0
augustus_T1FPQ8_HELRO_0.fasta;0.0;0
augustus_T1FL10_HELRO_0.fasta;0.0;0
augustus_T1G9V1_HELRO_0.fasta;0.0;0
augustus_T1FEE1_HELRO_0.fasta;0.0;0
augustus_T1G3W6_HELRO_0.fasta;0.0;0
augustus_T1EEF4_HELRO_0.fasta;0.0;0
augustus_T1G1W0_HELRO_0.fasta;0.0;0
augustus_T1FZ41_HELRO_0.fasta;0.0;0
augustus_T1FAN3_HELRO_0.fasta;0.0;0
augustus_K1QJC8_CRAGI_0.fasta;0.0;0
augustus_K1RHW2_CRAGI_0.fasta;0.0;0
augustus_K1PFG3_CRAGI_0.fasta;0.0;0
augustus_K1QAR1_CRAGI_0.fasta;0.0;0
augustus_K1QMM4_CRAGI_0.fasta;0.0;0
augustus_K1QAN9_CRAGI_0.fasta;0.0;0
augustus_K1QDK8_CRAGI_0.fasta;0.0;0
augustus_K1QNC8_CRAGI_0.fasta;0.0;0
augustus_K1QT73_CRAGI_0.fasta;0.0;0
augustus_K1RF96_CRAGI_0.fasta;0.0;0
augustus_K1QYL7_CRAGI_0.fasta;0.0;0
augustus_K1RTU4_CRAGI_0.fasta;0.0;0
augustus_V3ZL20_LOTGI_0.fasta;0.0;0
augustus_V3ZMW5_LOTGI_0.fasta;0.0;0
augustus_V4C0L9_LOTGI_0.fasta;0.0;0
augustus_V4BHA5_LOTGI_0.fasta;0.0;0
augustus_V4BDA4_LOTGI_0.fasta;0.0;0
augustus_V4ARC4_LOTGI_0.fasta;0.0;0
augustus_V4B7H3_LOTGI_0.fasta;0.0;0
augustus_V4ASP5_LOTGI_0.fasta;0.0;0
augustus_V3ZR86_LOTGI_0.fasta;0.0;0
augustus_G4VAW8_SCHMA_0.fasta;0.0;0
augustus_G4VB11_SCHMA_0.fasta;0.0;0
augustus_G4VQ40_SCHMA_0.fasta;0.0;0
augustus_G4LW93_SCHMA_0.fasta;0.0;0
augustus_G4VFM7_SCHMA_0.fasta;0.0;0
augustus_G4M289_SCHMA_0.fasta;0.0;0
augustus_G4LWA2_SCHMA_0.fasta;0.0;0
augustus_G4VMY2_SCHMA_0.fasta;0.0;0
augustus_G4V987_SCHMA_0.fasta;0.0;0
augustus_H9IUL9_BOMMO_0.fasta;0.0;0
augustus_H9JBL6_BOMMO_0.fasta;0.0;0
augustus_H9IX60_BOMMO_0.fasta;0.0;0
augustus_H9J068_BOMMO_0.fasta;0.0;0
augustus_H9J289_BOMMO_0.fasta;0.0;0
augustus_H9IZS9_BOMMO_0.fasta;0.0;0
augustus_H9JVX6_BOMMO_0.fasta;0.0;0
augustus_A0A139WBN3_TRICA_0.fasta;0.0;0
augustus_D6W797_TRICA_0.fasta;0.0;0
augustus_A0A139WKF1_TRICA_0.fasta;0.0;0
augustus_D6WUJ1_TRICA_0.fasta;0.0;0
augustus_D2A2G0_TRICA_0.fasta;0.0;0
augustus_N6TE63_DENPD_0.fasta;0.0;0
augustus_Q9VPP9_DROME_0.fasta;0.0;0
augustus_FRITZ_DROME_0.fasta;0.0;0
augustus_Q9VYM3_DROME_0.fasta;0.0;0
augustus_Q9VS19_DROME_0.fasta;0.0;0
augustus_Q9VF13_DROME_0.fasta;0.0;0
augustus_B3MUH4_DROAN_0.fasta;0.0;0
augustus_B3M393_DROAN_0.fasta;0.0;0
augustus_B3MUA1_DROAN_0.fasta;0.0;0
augustus_B3MZ02_DROAN_0.fasta;0.0;0
augustus_B4I7P4_DROSE_0.fasta;0.0;0
augustus_B4IGG4_DROSE_0.fasta;0.0;0
augustus_B4IDB2_DROSE_0.fasta;0.0;0
augustus_B4HLG5_DROSE_0.fasta;0.0;0
augustus_B4ICX1_DROSE_0.fasta;0.0;0
augustus_B4IPB8_DROSE_0.fasta;0.0;0
augustus_B4Q641_DROSI_0.fasta;0.0;0
augustus_B4KFI6_DROMO_0.fasta;0.0;0
augustus_B4K5Q4_DROMO_0.fasta;0.0;0
augustus_B4KGC5_DROMO_0.fasta;0.0;0
augustus_B4L6J8_DROMO_0.fasta;0.0;0
augustus_A0A0Q9XI51_DROMO_0.fasta;0.0;0
augustus_B4LLH6_DROVI_0.fasta;0.0;0
augustus_B4LX92_DROVI_0.fasta;0.0;0
augustus_A0A0Q9W9F9_DROVI_0.fasta;0.0;0
augustus_B4M869_DROVI_0.fasta;0.0;0
augustus_B4LTL5_DROVI_0.fasta;0.0;0
augustus_B4LNW6_DROVI_0.fasta;0.0;0
augustus_B4G8S5_DROPE_0.fasta;0.0;0
augustus_B4G899_DROPE_0.fasta;0.0;0
augustus_B4GEV6_DROPE_0.fasta;0.0;0
augustus_B5DXM6_DROPS_0.fasta;0.0;0
augustus_Q28WL3_DROPS_0.fasta;0.0;0
augustus_Q29N44_DROPS_0.fasta;0.0;0
augustus_Q29J74_DROPS_0.fasta;0.0;0
augustus_Q29MT0_DROPS_0.fasta;0.0;0
augustus_B4NJQ7_DROWI_0.fasta;0.0;0
augustus_B4MV93_DROWI_0.fasta;0.0;0
augustus_B4N2G2_DROWI_0.fasta;0.0;0
augustus_B4MW67_DROWI_0.fasta;0.0;0
augustus_B4NBA2_DROWI_0.fasta;0.0;0
augustus_B4JNK1_DROGR_0.fasta;0.0;0
augustus_B4JDP6_DROGR_0.fasta;0.0;0
augustus_A0A0L0CAS7_LUCCU_0.fasta;0.0;0
augustus_A0A0L0C437_LUCCU_0.fasta;0.0;0
augustus_A0A0L0C708_LUCCU_0.fasta;0.0;0
augustus_A0A0L0BP76_LUCCU_0.fasta;0.0;0
augustus_Q7Q1T6_ANOGA_0.fasta;0.0;0
augustus_F5HK34_ANOGA_0.fasta;0.0;0
augustus_Q7QKB4_ANOGA_0.fasta;0.0;0
augustus_Q7PZG7_ANOGA_0.fasta;0.0;0
augustus_Q7Q5W5_ANOGA_0.fasta;0.0;0
augustus_Q7Q2M8_ANOGA_0.fasta;0.0;0
augustus_W5JQZ5_ANODA_0.fasta;0.0;0
augustus_W5JSM4_ANODA_0.fasta;0.0;0
augustus_W5JX09_ANODA_0.fasta;0.0;0
augustus_W5J3B6_ANODA_0.fasta;0.0;0
augustus_W5JJX1_ANODA_0.fasta;0.0;0
augustus_W5JDQ4_ANODA_0.fasta;0.0;0
augustus_Q17MR4_AEDAE_0.fasta;0.0;0
augustus_Q17AX8_AEDAE_0.fasta;0.0;0
augustus_Q17IM4_AEDAE_0.fasta;0.0;0
augustus_B0W1I5_CULQU_0.fasta;0.0;0
augustus_B0X1U1_CULQU_0.fasta;0.0;0
augustus_B0X4V5_CULQU_0.fasta;0.0;0
augustus_B0WVV4_CULQU_0.fasta;0.0;0
augustus_B0WLK0_CULQU_0.fasta;0.0;0
augustus_B0W644_CULQU_0.fasta;0.0;0
augustus_B0WHK9_CULQU_0.fasta;0.0;0
augustus_K7IUM7_NASVI_0.fasta;0.0;0
augustus_K7JKG6_NASVI_0.fasta;0.0;0
augustus_K7JWU6_NASVI_0.fasta;0.0;0
augustus_K7JBD5_NASVI_0.fasta;0.0;0
augustus_K7J2U6_NASVI_0.fasta;0.0;0
augustus_K7IZ19_NASVI_0.fasta;0.0;0
augustus_K7IMU7_NASVI_0.fasta;0.0;0
augustus_K7IUT2_NASVI_0.fasta;0.0;0
augustus_A0A158NBR4_ATTCE_0.fasta;0.0;0
augustus_A0A158NWD1_ATTCE_0.fasta;0.0;0
augustus_A0A158N9M8_ATTCE_0.fasta;0.0;0
augustus_A0A158NBF3_ATTCE_0.fasta;0.0;0
augustus_A0A158NV12_ATTCE_0.fasta;0.0;0
augustus_A0A158N997_ATTCE_0.fasta;0.0;0
augustus_A0A067QHW0_ZOONE_0.fasta;0.0;0
augustus_A0A067REY3_ZOONE_0.fasta;0.0;0
augustus_A0A067R087_ZOONE_0.fasta;0.0;0
augustus_A0A067RAV1_ZOONE_0.fasta;0.0;0
augustus_A0A067QWM4_ZOONE_0.fasta;0.0;0
augustus_A0A067QNW7_ZOONE_0.fasta;0.0;0
augustus_A0A067R4F6_ZOONE_0.fasta;0.0;0
augustus_J9K5L4_ACYPI_0.fasta;0.0;0
augustus_J9KWP6_ACYPI_0.fasta;0.0;0
augustus_J9JLI4_ACYPI_0.fasta;0.0;0
augustus_T1HIG5_RHOPR_0.fasta;0.0;0
augustus_T1IEA4_RHOPR_0.fasta;0.0;0
augustus_T1IBT8_RHOPR_0.fasta;0.0;0
augustus_T1HY60_RHOPR_0.fasta;0.0;0
augustus_T1HIA6_RHOPR_0.fasta;0.0;0
augustus_T1HVS2_RHOPR_0.fasta;0.0;0
augustus_R4G3C9_RHOPR_0.fasta;0.0;0
augustus_T1HN23_RHOPR_0.fasta;0.0;0
augustus_T1HMQ0_RHOPR_0.fasta;0.0;0
augustus_E0VEZ1_PEDHC_0.fasta;0.0;0
augustus_E0W305_PEDHC_0.fasta;0.0;0
augustus_E0VFJ8_PEDHC_0.fasta;0.0;0
augustus_E0VBP2_PEDHC_0.fasta;0.0;0
augustus_E0VZH2_PEDHC_0.fasta;0.0;0
augustus_E0VDR8_PEDHC_0.fasta;0.0;0
augustus_E0VD41_PEDHC_0.fasta;0.0;0
augustus_E0VL22_PEDHC_0.fasta;0.0;0
augustus_E9HLA0_DAPPU_0.fasta;0.0;0
augustus_E9HLR1_DAPPU_0.fasta;0.0;0
augustus_E9GL43_DAPPU_0.fasta;0.0;0
augustus_E9H9T3_DAPPU_0.fasta;0.0;0
augustus_E9G8C5_DAPPU_0.fasta;0.0;0
augustus_E9G067_DAPPU_0.fasta;0.0;0
augustus_E9G2T4_DAPPU_0.fasta;0.0;0
augustus_E9HT82_DAPPU_0.fasta;0.0;0
augustus_E9GGK3_DAPPU_0.fasta;0.0;0
augustus_E9H9W1_DAPPU_0.fasta;0.0;0
augustus_T1JGE4_STRMM_0.fasta;0.0;0
augustus_T1IM01_STRMM_0.fasta;0.0;0
augustus_T1J4V7_STRMM_0.fasta;0.0;0
augustus_T1JL36_STRMM_0.fasta;0.0;0
augustus_T1JN25_STRMM_0.fasta;0.0;0
augustus_T1JN84_STRMM_0.fasta;0.0;0
augustus_T1IPN7_STRMM_0.fasta;0.0;0
augustus_T1IN54_STRMM_0.fasta;0.0;0
augustus_T1J0I5_STRMM_0.fasta;0.0;0
augustus_T1J508_STRMM_0.fasta;0.0;0
augustus_T1L0Y2_TETUR_0.fasta;0.0;0
augustus_T1KWA3_TETUR_0.fasta;0.0;0
augustus_T1K902_TETUR_0.fasta;0.0;0
augustus_T1K3F9_TETUR_0.fasta;0.0;0
augustus_T1JX53_TETUR_0.fasta;0.0;0
augustus_T1KAU0_TETUR_0.fasta;0.0;0
augustus_T1KSQ0_TETUR_0.fasta;0.0;0
augustus_T1KN87_TETUR_0.fasta;0.0;0
augustus_A0A132A3B4_SARSC_0.fasta;0.0;0
augustus_A0A132AI83_SARSC_0.fasta;0.0;0
augustus_A0A132A941_SARSC_0.fasta;0.0;0
augustus_A0A132AED3_SARSC_0.fasta;0.0;0
augustus_A0A132AFF8_SARSC_0.fasta;0.0;0
augustus_A0A131ZVY5_SARSC_0.fasta;0.0;0
augustus_A0A132AMT7_SARSC_0.fasta;0.0;0
augustus_A0A132A1L5_SARSC_0.fasta;0.0;0
augustus_A0A132ADH9_SARSC_0.fasta;0.0;0
augustus_A0A132A4K1_SARSC_0.fasta;0.0;0
augustus_B7PGX0_IXOSC_0.fasta;0.0;0
augustus_B7QJ88_IXOSC_0.fasta;0.0;0
augustus_B7QG96_IXOSC_0.fasta;0.0;0
augustus_B7QBS1_IXOSC_0.fasta;0.0;0
augustus_B7Q560_IXOSC_0.fasta;0.0;0
augustus_B7PSD9_IXOSC_0.fasta;0.0;0
augustus_B7PXZ3_IXOSC_0.fasta;0.0;0
augustus_B7PHC5_IXOSC_0.fasta;0.0;0
augustus_B7PU94_IXOSC_0.fasta;0.0;0
augustus_BBS2_CAEEL_0.fasta;0.0;0
augustus_PTHB1_CAEEL_0.fasta;0.0;0
augustus_G0P085_CAEBE_0.fasta;0.0;0
augustus_G0NZF3_CAEBE_0.fasta;0.0;0
augustus_G0MY08_CAEBE_0.fasta;0.0;0
augustus_G0NCM0_CAEBE_0.fasta;0.0;0
augustus_G0PL12_CAEBE_0.fasta;0.0;0
augustus_G0NG53_CAEBE_0.fasta;0.0;0
augustus_G0MK79_CAEBE_0.fasta;0.0;0
augustus_G0MLH4_CAEBE_0.fasta;0.0;0
augustus_E3NJN3_CAERE_0.fasta;0.0;0
augustus_E3MFB0_CAERE_0.fasta;0.0;0
augustus_E3LMW1_CAERE_0.fasta;0.0;0
augustus_E3M4Z1_CAERE_0.fasta;0.0;0
augustus_E3MFS3_CAERE_0.fasta;0.0;0
augustus_E3NSB7_CAERE_0.fasta;0.0;0
augustus_E3LZ78_CAERE_0.fasta;0.0;0
augustus_A8X7A4_CAEBR_0.fasta;0.0;0
augustus_A8XRG6_CAEBR_0.fasta;0.0;0
augustus_A8Y3D5_CAEBR_0.fasta;0.0;0
augustus_A8XA77_CAEBR_0.fasta;0.0;0
augustus_A8X9X0_CAEBR_0.fasta;0.0;0
augustus_A8XCI7_CAEBR_0.fasta;0.0;0
augustus_A8XUK4_CAEBR_0.fasta;0.0;0
augustus_A8XGG2_CAEBR_0.fasta;0.0;0
augustus_H3DYA5_PRIPA_0.fasta;0.0;0
augustus_H3FMD9_PRIPA_0.fasta;0.0;0
augustus_H3F5B6_PRIPA_0.fasta;0.0;0
augustus_H3G2I6_PRIPA_0.fasta;0.0;0
augustus_H3FK30_PRIPA_0.fasta;0.0;0
augustus_H3DXJ0_PRIPA_0.fasta;0.0;0
augustus_H3E7Q4_PRIPA_0.fasta;0.0;0
augustus_H3FPW8_PRIPA_0.fasta;0.0;0
augustus_A0A0K0J7N8_BRUMA_0.fasta;0.0;0
augustus_A0A0K0JGJ2_BRUMA_0.fasta;0.0;0
augustus_A0A158PWS5_BRUMA_0.fasta;0.0;0
augustus_A0A044S4J3_ONCVO_0.fasta;0.0;0
augustus_A0A044RGE9_ONCVO_0.fasta;0.0;0
augustus_A0A044RIU7_ONCVO_0.fasta;0.0;0
augustus_A0A044UUG6_ONCVO_0.fasta;0.0;0
augustus_A0A044T938_ONCVO_0.fasta;0.0;0
augustus_A0A090L5W0_STRRB_0.fasta;0.0;0
augustus_A0A090L692_STRRB_0.fasta;0.0;0
augustus_A0A090LTH6_STRRB_0.fasta;0.0;0
augustus_A0A090LLE7_STRRB_0.fasta;0.0;0
augustus_A0A090LBV3_STRRB_0.fasta;0.0;0
augustus_A0A090LL11_STRRB_0.fasta;0.0;0
augustus_A0A090LHJ8_STRRB_0.fasta;0.0;0
augustus_A7RY88_NEMVE_0.fasta;0.0;0
augustus_A7RRK9_NEMVE_0.fasta;0.0;0
augustus_A7RIW9_NEMVE_0.fasta;0.0;0
augustus_A7SA52_NEMVE_0.fasta;0.0;0
augustus_A7S4V5_NEMVE_0.fasta;0.0;0
augustus_A7S3C1_NEMVE_0.fasta;0.0;0
augustus_A7RRC2_NEMVE_0.fasta;0.0;0
augustus_A7S9V7_NEMVE_0.fasta;0.0;0
augustus_A7SH53_NEMVE_0.fasta;0.0;0
augustus_A7STA0_NEMVE_0.fasta;0.0;0
augustus_A7SRQ9_NEMVE_0.fasta;0.0;0
augustus_A7RZZ8_NEMVE_0.fasta;0.0;0
augustus_A7SJU1_NEMVE_0.fasta;0.0;0
augustus_A7SR08_NEMVE_0.fasta;0.0;0
augustus_A7RHF6_NEMVE_0.fasta;0.0;0
augustus_A7S6S2_NEMVE_0.fasta;0.0;0
augustus_B3RJ12_TRIAD_0.fasta;0.0;0
augustus_B3SAM9_TRIAD_0.fasta;0.0;0
augustus_B3RYU7_TRIAD_0.fasta;0.0;0
augustus_B3RNV0_TRIAD_0.fasta;0.0;0
augustus_B3RW68_TRIAD_0.fasta;0.0;0
augustus_B3RR15_TRIAD_0.fasta;0.0;0
augustus_A9UU67_MONBE_0.fasta;0.0;0
augustus_A9VC34_MONBE_0.fasta;0.0;0
augustus_A9UYR2_MONBE_0.fasta;0.0;0
augustus_A9UVT9_MONBE_0.fasta;0.0;0
augustus_A9URF3_MONBE_0.fasta;0.0;0
augustus_A9UTD3_MONBE_0.fasta;0.0;0
augustus_A9UW13_MONBE_0.fasta;0.0;0
augustus_A9UQE8_MONBE_0.fasta;0.0;0
augustus_A9V3H9_MONBE_0.fasta;0.0;0
augustus_A9US50_MONBE_0.fasta;0.0;0
augustus_F2UFD6_SALR5_0.fasta;0.0;0
augustus_F2UP53_SALR5_0.fasta;0.0;0
augustus_F2US57_SALR5_0.fasta;0.0;0
augustus_F2TWK0_SALR5_0.fasta;0.0;0
augustus_F2U9J6_SALR5_0.fasta;0.0;0
augustus_F2TYE0_SALR5_0.fasta;0.0;0
augustus_F2UKV5_SALR5_0.fasta;0.0;0
augustus_A0A075B027_9FUNG_0.fasta;0.0;0
augustus_A0A0L0SZE7_ALLMA_0.fasta;0.0;0
augustus_A0A0L0TEE4_ALLMA_0.fasta;0.0;0
augustus_A0A0L0TBM7_ALLMA_0.fasta;0.0;0
augustus_A0A0L0S2E7_ALLMA_0.fasta;0.0;0
augustus_A0A0L0T9T0_ALLMA_0.fasta;0.0;0
augustus_A0A0L0RX02_ALLMA_0.fasta;0.0;0
augustus_A0A0L0HGZ5_SPIPN_0.fasta;0.0;0
augustus_A0A0L0HKI2_SPIPN_0.fasta;0.0;0
augustus_A0A0L0HCR5_SPIPN_0.fasta;0.0;0
augustus_F4PDV5_BATDJ_0.fasta;0.0;0
augustus_F4NSL0_BATDJ_0.fasta;0.0;0
augustus_A0A139AXF2_GONPR_0.fasta;0.0;0
augustus_A0A139A4E2_GONPR_0.fasta;0.0;0
augustus_A0A139APA4_GONPR_0.fasta;0.0;0
augustus_C4VA57_NOSCE_0.fasta;0.0;0
augustus_C4V6M3_NOSCE_0.fasta;0.0;0
augustus_A0A059EQ31_9MICR_0.fasta;0.0;0
augustus_A0A059F571_9MICR_0.fasta;0.0;0
augustus_B7XJ53_ENTBH_0.fasta;0.0;0
augustus_A0A0L0D5Q7_THETB_0.fasta;0.0;0
augustus_A0A0L0DNH8_THETB_0.fasta;0.0;0
augustus_A0A0L0DL12_THETB_0.fasta;0.0;0
augustus_A0A0L0DY00_THETB_0.fasta;0.0;0
augustus_A0A0L0DKV4_THETB_0.fasta;0.0;0
augustus_A0A0L0DRR9_THETB_0.fasta;0.0;0
augustus_A0A0L0DRW6_THETB_0.fasta;0.0;0
augustus_A0A0L0DQP3_THETB_0.fasta;0.0;0
augustus_A0A0S4KEX6_BODSA_0.fasta;0.0;0
augustus_A0A0S4IWH2_BODSA_0.fasta;0.0;0
augustus_A0A0S4KJV3_BODSA_0.fasta;0.0;0
augustus_A0A0S4IYJ2_BODSA_0.fasta;0.0;0
augustus_Q4Q7P7_LEIMA_0.fasta;0.0;0
augustus_Q4QGM5_LEIMA_0.fasta;0.0;0
augustus_Q4QBL0_LEIMA_0.fasta;0.0;0
augustus_Q4Q5F8_LEIMA_0.fasta;0.0;0
augustus_Q4QHY0_LEIMA_0.fasta;0.0;0
augustus_Q4QEM9_LEIMA_0.fasta;0.0;0
augustus_E9ADS3_LEIMA_0.fasta;0.0;0
augustus_Q4QJ54_LEIMA_0.fasta;0.0;0
augustus_A4HTV8_LEIIN_0.fasta;0.0;0
augustus_A4I7U1_LEIIN_0.fasta;0.0;0
augustus_A4I587_LEIIN_0.fasta;0.0;0
augustus_A4HX34_LEIIN_0.fasta;0.0;0
augustus_A4HSR6_LEIIN_0.fasta;0.0;0
augustus_E9AH05_LEIIN_0.fasta;0.0;0
augustus_E9AGF5_LEIIN_0.fasta;0.0;0
augustus_A4HVW2_LEIIN_0.fasta;0.0;0
augustus_A4HI10_LEIBR_0.fasta;0.0;0
augustus_A4H4J1_LEIBR_0.fasta;0.0;0
augustus_A4HKB1_LEIBR_0.fasta;0.0;0
augustus_A4H8R6_LEIBR_0.fasta;0.0;0
augustus_A4H6Y1_LEIBR_0.fasta;0.0;0
augustus_A4H5M0_LEIBR_0.fasta;0.0;0
augustus_W6LBN2_9TRYP_0.fasta;0.0;0
augustus_W6L8P3_9TRYP_0.fasta;0.0;0
augustus_W6LGD6_9TRYP_0.fasta;0.0;0
augustus_W6LH84_9TRYP_0.fasta;0.0;0
augustus_W6L664_9TRYP_0.fasta;0.0;0
augustus_W6L0G6_9TRYP_0.fasta;0.0;0
augustus_W6L219_9TRYP_0.fasta;0.0;0
augustus_W6KP47_9TRYP_0.fasta;0.0;0
augustus_W6KEL0_9TRYP_0.fasta;0.0;0
augustus_W6KU64_9TRYP_0.fasta;0.0;0
augustus_W6KHM9_9TRYP_0.fasta;0.0;0
augustus_W6KEZ5_9TRYP_0.fasta;0.0;0
augustus_W6KMB3_9TRYP_0.fasta;0.0;0
augustus_A0A0M9FXC3_9TRYP_0.fasta;0.0;0
augustus_A0A0N0DTJ9_9TRYP_0.fasta;0.0;0
augustus_A0A0N0DVH7_9TRYP_0.fasta;0.0;0
augustus_A0A0M9G8H0_9TRYP_0.fasta;0.0;0
augustus_A0A0M9G5S3_9TRYP_0.fasta;0.0;0
augustus_A0A0N0VDQ8_9TRYP_0.fasta;0.0;0
augustus_S9WFZ2_9TRYP_0.fasta;0.0;0
augustus_S9VQT5_9TRYP_0.fasta;0.0;0
augustus_S9URU1_9TRYP_0.fasta;0.0;0
augustus_S9U0A0_9TRYP_0.fasta;0.0;0
augustus_S9UFH8_9TRYP_0.fasta;0.0;0
augustus_S9U312_9TRYP_0.fasta;0.0;0
augustus_S9TWC6_9TRYP_0.fasta;0.0;0
augustus_S9UUW0_9TRYP_0.fasta;0.0;0
augustus_S9WN89_9TRYP_0.fasta;0.0;0
augustus_S9VGG5_9TRYP_0.fasta;0.0;0
augustus_S9WR29_9TRYP_0.fasta;0.0;0
augustus_S9UEA4_9TRYP_0.fasta;0.0;0
augustus_S9U7B2_9TRYP_0.fasta;0.0;0
augustus_S9VQC5_9TRYP_0.fasta;0.0;0
augustus_S9WXN6_9TRYP_0.fasta;0.0;0
augustus_S9VG80_9TRYP_0.fasta;0.0;0
augustus_S9UX65_9TRYP_0.fasta;0.0;0
augustus_S9UG30_9TRYP_0.fasta;0.0;0
augustus_A0A0N0P4P7_LEPSE_0.fasta;0.0;0
augustus_A0A0N1PFT7_LEPSE_0.fasta;0.0;0
augustus_A0A0N1I805_LEPSE_0.fasta;0.0;0
augustus_A0A0N1IKM3_LEPSE_0.fasta;0.0;0
augustus_A0A0N0P2P9_LEPSE_0.fasta;0.0;0
augustus_A0A0N1PCK5_LEPSE_0.fasta;0.0;0
augustus_Q4DNK9_TRYCC_0.fasta;0.0;0
augustus_Q4CYP7_TRYCC_0.fasta;0.0;0
augustus_Q4CTU0_TRYCC_0.fasta;0.0;0
augustus_Q4D0P3_TRYCC_0.fasta;0.0;0
augustus_Q4D758_TRYCC_0.fasta;0.0;0
augustus_Q4CXZ7_TRYCC_0.fasta;0.0;0
augustus_Q4DQ54_TRYCC_0.fasta;0.0;0
augustus_Q4D5L0_TRYCC_0.fasta;0.0;0
augustus_Q4E3Y7_TRYCC_0.fasta;0.0;0
augustus_V5B167_TRYCR_0.fasta;0.0;0
augustus_K2N5E1_TRYCR_0.fasta;0.0;0
augustus_K2NCL3_TRYCR_0.fasta;0.0;0
augustus_V5DJG5_TRYCR_0.fasta;0.0;0
augustus_V5D873_TRYCR_0.fasta;0.0;0
augustus_K2NFA3_TRYCR_0.fasta;0.0;0
augustus_A0A061IYN2_TRYRA_0.fasta;0.0;0
augustus_A0A061IYH0_TRYRA_0.fasta;0.0;0
augustus_A0A061IRX7_TRYRA_0.fasta;0.0;0
augustus_A0A061J5J6_TRYRA_0.fasta;0.0;0
augustus_A0A061J5Y7_TRYRA_0.fasta;0.0;0
augustus_A0A061IZW5_TRYRA_0.fasta;0.0;0
augustus_V6U1A3_GIAIN_0.fasta;0.0;0
augustus_V6TXM2_GIAIN_0.fasta;0.0;0
augustus_D2UZG5_NAEGR_0.fasta;0.0;0
augustus_D2VRJ0_NAEGR_0.fasta;0.0;0
augustus_D2V1M3_NAEGR_0.fasta;0.0;0
augustus_D2VRF8_NAEGR_0.fasta;0.0;0
augustus_D2VGV9_NAEGR_0.fasta;0.0;0
augustus_D2V8J4_NAEGR_0.fasta;0.0;0
augustus_D2UZA0_NAEGR_0.fasta;0.0;0
augustus_D2UYR4_NAEGR_0.fasta;0.0;0
augustus_D2V9Y2_NAEGR_0.fasta;0.0;0
augustus_A2FHN7_TRIVA_0.fasta;0.0;0
augustus_A2EVS0_TRIVA_0.fasta;0.0;0
augustus_A2ERA0_TRIVA_0.fasta;0.0;0
augustus_A2FLN7_TRIVA_0.fasta;0.0;0
augustus_A2EKF6_TRIVA_0.fasta;0.0;0
augustus_A2EWL4_TRIVA_0.fasta;0.0;0
augustus_A8HYK1_CHLRE_0.fasta;0.0;0
augustus_A8JDM5_CHLRE_0.fasta;0.0;0
augustus_A8J6H2_CHLRE_0.fasta;0.0;0
augustus_IFT74_CHLRE_0.fasta;0.0;0
augustus_A8HY05_CHLRE_0.fasta;0.0;0
augustus_A0A0J8AZA9_BETVU_0.fasta;0.0;0
augustus_A0A0L9UFN1_PHAAN_0.fasta;0.0;0
augustus_D8RT29_SELML_0.fasta;0.0;0
augustus_B8C2P1_THAPS_0.fasta;0.0;0
augustus_B5YNM9_THAPS_0.fasta;0.0;0
augustus_K0RSF4_THAOC_0.fasta;0.0;0
augustus_T0R219_9STRA_0.fasta;0.0;0
augustus_T0SBE3_9STRA_0.fasta;0.0;0
augustus_T0QJ46_9STRA_0.fasta;0.0;0
augustus_T0QH98_9STRA_0.fasta;0.0;0
augustus_A0A024T8H2_9STRA_0.fasta;0.0;0
augustus_A0A024TBC5_9STRA_0.fasta;0.0;0
augustus_A0A024TTU2_9STRA_0.fasta;0.0;0
augustus_A0A024U9Y1_9STRA_0.fasta;0.0;0
augustus_W4FHA7_9STRA_0.fasta;0.0;0
augustus_W4FJ10_9STRA_0.fasta;0.0;0
augustus_W4GJ30_9STRA_0.fasta;0.0;0
augustus_A0A024G8A2_9STRA_0.fasta;0.0;0
augustus_A0A024G1K1_9STRA_0.fasta;0.0;0
augustus_A0A024GM19_9STRA_0.fasta;0.0;0
augustus_A0A024G8J4_9STRA_0.fasta;0.0;0
augustus_A0A024G1W2_9STRA_0.fasta;0.0;0
augustus_A0A024G2J7_9STRA_0.fasta;0.0;0
augustus_A0A024GAQ7_9STRA_0.fasta;0.0;0
augustus_D0N6L3_PHYIT_0.fasta;0.0;0
augustus_D0NIZ2_PHYIT_0.fasta;0.0;0
augustus_D0NMI9_PHYIT_0.fasta;0.0;0
augustus_D0P4B2_PHYIT_0.fasta;0.0;0
augustus_H3GA73_PHYRM_0.fasta;0.0;0
augustus_H3HDM8_PHYRM_0.fasta;0.0;0
augustus_H3G5F9_PHYRM_0.fasta;0.0;0
augustus_H3G787_PHYRM_0.fasta;0.0;0
augustus_H3HB40_PHYRM_0.fasta;0.0;0
augustus_H3H3M3_PHYRM_0.fasta;0.0;0
augustus_H3GG97_PHYRM_0.fasta;0.0;0
augustus_A0A0W8B5F2_PHYNI_0.fasta;0.0;0
augustus_A0A0W8BYL7_PHYNI_0.fasta;0.0;0
augustus_A0A0W8C0V4_PHYNI_0.fasta;0.0;0
augustus_A0A0W8BXS2_PHYNI_0.fasta;0.0;0
augustus_A0A0W8CRE0_PHYNI_0.fasta;0.0;0
augustus_A0A0W8DLD4_PHYNI_0.fasta;0.0;0
augustus_A0A0W8CKJ4_PHYNI_0.fasta;0.0;0
augustus_V9EH23_PHYPR_0.fasta;0.0;0
augustus_V9EY54_PHYPR_0.fasta;0.0;0
augustus_V9F750_PHYPR_0.fasta;0.0;0
augustus_V9DZZ4_PHYPR_0.fasta;0.0;0
augustus_W2ZBV4_PHYPR_0.fasta;0.0;0
augustus_W2Z794_PHYPR_0.fasta;0.0;0
augustus_W2YN75_PHYPR_0.fasta;0.0;0
augustus_W2Y705_PHYPR_0.fasta;0.0;0
augustus_W2QWY8_PHYPN_0.fasta;0.0;0
augustus_W2Q6I6_PHYPN_0.fasta;0.0;0
augustus_W2Q9Y5_PHYPN_0.fasta;0.0;0
augustus_W2Q3L9_PHYPN_0.fasta;0.0;0
augustus_W2R2K8_PHYPN_0.fasta;0.0;0
augustus_G4YVH6_PHYSP_0.fasta;0.0;0
augustus_G5AEA7_PHYSP_0.fasta;0.0;0
augustus_G4YNA1_PHYSP_0.fasta;0.0;0
augustus_G4Z0F4_PHYSP_0.fasta;0.0;0
augustus_K3WZB3_PYTUL_0.fasta;0.0;0
augustus_K3WA10_PYTUL_0.fasta;0.0;0
augustus_K3WT36_PYTUL_0.fasta;0.0;0
augustus_K3WUB9_PYTUL_0.fasta;0.0;0
augustus_K3X8B7_PYTUL_0.fasta;0.0;0
augustus_K3WRX6_PYTUL_0.fasta;0.0;0
augustus_K3XBX6_PYTUL_0.fasta;0.0;0
augustus_K3XAU7_PYTUL_0.fasta;0.0;0
augustus_A0A067CVF7_SAPPC_0.fasta;0.0;0
augustus_A0A067BQG6_SAPPC_0.fasta;0.0;0
augustus_A0A067BPT6_SAPPC_0.fasta;0.0;0
augustus_A0A067BK52_SAPPC_0.fasta;0.0;0
augustus_A0A067CEN2_SAPPC_0.fasta;0.0;0
augustus_A0A067BN65_SAPPC_0.fasta;0.0;0
augustus_A0A067CKY6_SAPPC_0.fasta;0.0;0
augustus_A0A067BUM2_SAPPC_0.fasta;0.0;0
augustus_A0A067BYV7_SAPPC_0.fasta;0.0;0
augustus_F0YI19_AURAN_0.fasta;0.0;0
augustus_F0YI57_AURAN_0.fasta;0.0;0
augustus_F0Y179_AURAN_0.fasta;0.0;0
augustus_F0YP02_AURAN_0.fasta;0.0;0
augustus_F0XZU8_AURAN_0.fasta;0.0;0
augustus_F0YAJ5_AURAN_0.fasta;0.0;0
augustus_F0YFS0_AURAN_0.fasta;0.0;0
augustus_F0YIA4_AURAN_0.fasta;0.0;0
augustus_F0YK18_AURAN_0.fasta;0.0;0
augustus_F0Y6H0_AURAN_0.fasta;0.0;0
augustus_F0Y7H8_AURAN_0.fasta;0.0;0
augustus_U6H456_9EIME_0.fasta;0.0;0
augustus_U6LV11_9EIME_0.fasta;0.0;0
augustus_U6G3P0_9EIME_0.fasta;0.0;0
augustus_V4YV31_TOXGV_0.fasta;0.0;0
augustus_B6KHN1_TOXGV_0.fasta;0.0;0
augustus_A0A074TG63_HAMHA_0.fasta;0.0;0
augustus_A0A074TVE9_HAMHA_0.fasta;0.0;0
augustus_A0A0G4EZB0_VITBC_0.fasta;0.0;0
augustus_A0A0G4EJS8_VITBC_0.fasta;0.0;0
augustus_A0A0G4G617_VITBC_0.fasta;0.0;0
augustus_A0A0G4GGA2_VITBC_0.fasta;0.0;0
augustus_A0A0G4ENF0_VITBC_0.fasta;0.0;0
augustus_A0A0G4F9D8_VITBC_0.fasta;0.0;0
augustus_A0A0G4FM83_VITBC_0.fasta;0.0;0
augustus_A0A0G4EP95_VITBC_0.fasta;0.0;0
augustus_A0A0G4ELX0_VITBC_0.fasta;0.0;0
augustus_A0E4E2_PARTE_0.fasta;0.0;0
augustus_A0DZL1_PARTE_0.fasta;0.0;0
augustus_A0EIS5_PARTE_0.fasta;0.0;0
augustus_Q3SE77_PARTE_0.fasta;0.0;0
augustus_A0CKD4_PARTE_0.fasta;0.0;0
augustus_A0BFX9_PARTE_0.fasta;0.0;0
augustus_Q3SE80_PARTE_0.fasta;0.0;0
augustus_A0CZW4_PARTE_0.fasta;0.0;0
augustus_A0D3E6_PARTE_0.fasta;0.0;0
augustus_Q3SE79_PARTE_0.fasta;0.0;0
augustus_A0CM74_PARTE_0.fasta;0.0;0
augustus_G0QX15_ICHMG_0.fasta;0.0;0
augustus_G0QVY6_ICHMG_0.fasta;0.0;0
augustus_G0QZH2_ICHMG_0.fasta;0.0;0
augustus_G0QUA5_ICHMG_0.fasta;0.0;0
augustus_G0QTI4_ICHMG_0.fasta;0.0;0
augustus_G0QUX9_ICHMG_0.fasta;0.0;0
augustus_G0R0W6_ICHMG_0.fasta;0.0;0
augustus_G0QWR3_ICHMG_0.fasta;0.0;0
augustus_G0R2D7_ICHMG_0.fasta;0.0;0
augustus_Q231T4_TETTS_0.fasta;0.0;0
augustus_Q23E95_TETTS_0.fasta;0.0;0
augustus_Q22GX0_TETTS_0.fasta;0.0;0
augustus_Q241P2_TETTS_0.fasta;0.0;0
augustus_I7MIW5_TETTS_0.fasta;0.0;0
augustus_Q22BU8_TETTS_0.fasta;0.0;0
augustus_I7MA22_TETTS_0.fasta;0.0;0
augustus_A0A0V0QP26_PSEPJ_0.fasta;0.0;0
augustus_A0A0V0QJ72_PSEPJ_0.fasta;0.0;0
augustus_A0A0V0R853_PSEPJ_0.fasta;0.0;0
augustus_A0A0V0QWI5_PSEPJ_0.fasta;0.0;0
augustus_A0A0V0QQ18_PSEPJ_0.fasta;0.0;0
augustus_A0A0V0QLN4_PSEPJ_0.fasta;0.0;0
augustus_A0A0V0R9P2_PSEPJ_0.fasta;0.0;0
augustus_A0A0V0R4D7_PSEPJ_0.fasta;0.0;0
augustus_A0A0V0QEV5_PSEPJ_0.fasta;0.0;0
augustus_J9J485_9SPIT_0.fasta;0.0;0
augustus_J9EVV2_9SPIT_0.fasta;0.0;0
augustus_J9GCY5_9SPIT_0.fasta;0.0;0
augustus_J9I0G0_9SPIT_0.fasta;0.0;0
augustus_J9HZC4_9SPIT_0.fasta;0.0;0
augustus_J9IEJ3_9SPIT_0.fasta;0.0;0
augustus_J9IRB0_9SPIT_0.fasta;0.0;0
augustus_J9IBN3_9SPIT_0.fasta;0.0;0
augustus_J9FWB3_9SPIT_0.fasta;0.0;0
augustus_J9FAV5_9SPIT_0.fasta;0.0;0
augustus_J9I1Z1_9SPIT_0.fasta;0.0;0
augustus_A0A078A8X4_STYLE_0.fasta;0.0;0
augustus_A0A078BAX5_STYLE_0.fasta;0.0;0
augustus_A0A078AVA6_STYLE_0.fasta;0.0;0
augustus_A0A077ZY59_STYLE_0.fasta;0.0;0
augustus_A0A078AXW3_STYLE_0.fasta;0.0;0
augustus_A0A078ADS2_STYLE_0.fasta;0.0;0
augustus_A0A077ZT05_STYLE_0.fasta;0.0;0
augustus_A0A078AHS4_STYLE_0.fasta;0.0;0
augustus_C5L1U3_PERM5_0.fasta;0.0;0
augustus_C5KB09_PERM5_0.fasta;0.0;0
augustus_C5K856_PERM5_0.fasta;0.0;0
augustus_C5KCZ4_PERM5_0.fasta;0.0;0
augustus_C5KJE9_PERM5_0.fasta;0.0;0
augustus_C5KIW8_PERM5_0.fasta;0.0;0
augustus_C5LN48_PERM5_0.fasta;0.0;0
augustus_C5KZJ7_PERM5_0.fasta;0.0;0
augustus_C5LJ88_PERM5_0.fasta;0.0;0
augustus_C5KS16_PERM5_0.fasta;0.0;0
augustus_A0A0G4INI7_PLABS_0.fasta;0.0;0
augustus_A0A0G4ITG8_PLABS_0.fasta;0.0;0
augustus_A0A0G4J0S8_PLABS_0.fasta;0.0;0
augustus_A0A0G4IN17_PLABS_0.fasta;0.0;0
augustus_A0A0G4IXU6_PLABS_0.fasta;0.0;0
augustus_A0A0G4II64_PLABS_0.fasta;0.0;0
augustus_A0A0G4J500_PLABS_0.fasta;0.0;0
augustus_A0A0G4ILH0_PLABS_0.fasta;0.0;0
augustus_X6NKM2_RETFI_0.fasta;0.0;0
augustus_X6MKA7_RETFI_0.fasta;0.0;0
augustus_X6MMR6_RETFI_0.fasta;0.0;0
augustus_X6NEQ1_RETFI_0.fasta;0.0;0
augustus_X6NC44_RETFI_0.fasta;0.0;0
augustus_X6NZL0_RETFI_0.fasta;0.0;0
augustus_X6MBP4_RETFI_0.fasta;0.0;0
augustus_X6MN26_RETFI_0.fasta;0.0;0
augustus_L1K4I7_GUITH_0.fasta;0.0;0
augustus_L1JKF8_GUITH_0.fasta;0.0;0
augustus_L1I8Y1_GUITH_0.fasta;0.0;0
augustus_L1J7Q0_GUITH_0.fasta;0.0;0
augustus_L1JFP4_GUITH_0.fasta;0.0;0
augustus_L1J1T7_GUITH_0.fasta;0.0;0
augustus_L1JQ89_GUITH_0.fasta;0.0;0
augustus_R1EVH0_EMIHU_0.fasta;0.0;0
augustus_R1E0V9_EMIHU_0.fasta;0.0;0
augustus_R1D9D6_EMIHU_0.fasta;0.0;0
augustus_R1DH87_EMIHU_0.fasta;0.0;0
augustus_R1FEM0_EMIHU_0.fasta;0.0;0
augustus_V6LK23_9EUKA_0.fasta;0.0;0
augustus_V6LQF6_9EUKA_0.fasta;0.0;0
augustus_V6LPV3_9EUKA_0.fasta;0.0;0
